id,PM2.5
test_00001,186.70472717285156
test_00002,163.5628204345703
test_00003,425.7894287109375
test_00004,86.36541748046875
test_00005,47.16870880126953
test_00006,120.05213928222656
test_00007,8.129974365234375
test_00008,7.189703941345215
test_00009,52.15619659423828
test_00010,121.3050308227539
test_00011,10.330265045166016
test_00012,131.30609130859375
test_00013,263.38818359375
test_00014,332.7387390136719
test_00015,76.24636840820312
test_00016,48.72953414916992
test_00017,42.8697509765625
test_00018,122.1466064453125
test_00019,53.114845275878906
test_00020,12.647806167602539
test_00021,26.470436096191406
test_00022,31.666831970214844
test_00023,10.694784164428711
test_00024,48.20539093017578
test_00025,14.645642280578613
test_00026,11.209016799926758
test_00027,107.14923858642578
test_00028,78.1342544555664
test_00029,10.328695297241211
test_00030,8.581528663635254
test_00031,61.981388092041016
test_00032,101.6642074584961
test_00033,97.57548522949219
test_00034,21.052413940429688
test_00035,12.221675872802734
test_00036,80.37107849121094
test_00037,97.791015625
test_00038,18.407121658325195
test_00039,31.10950469970703
test_00040,83.8670654296875
test_00041,11.63228988647461
test_00042,10.615495681762695
test_00043,24.8486328125
test_00044,64.63533020019531
test_00045,69.92031860351562
test_00046,49.625328063964844
test_00047,18.38813591003418
test_00048,53.6947021484375
test_00049,61.786678314208984
test_00050,69.04486083984375
test_00051,92.4089126586914
test_00052,109.4241943359375
test_00053,55.90348815917969
test_00054,174.29501342773438
test_00055,184.06341552734375
test_00056,18.59677505493164
test_00057,9.017132759094238
test_00058,22.880945205688477
test_00059,56.62214660644531
test_00060,32.77849197387695
test_00061,26.58407211303711
test_00062,64.25983428955078
test_00063,24.398433685302734
test_00064,52.15345764160156
test_00065,147.17025756835938
test_00066,18.870040893554688
test_00067,32.96650695800781
test_00068,63.612422943115234
test_00069,59.86042404174805
test_00070,40.24445343017578
test_00071,49.90190887451172
test_00072,77.43095397949219
test_00073,124.55332946777344
test_00074,88.37156677246094
test_00075,64.04742431640625
test_00076,77.64926147460938
test_00077,54.58091735839844
test_00078,10.07278823852539
test_00079,14.563552856445312
test_00080,53.837005615234375
test_00081,38.3046760559082
test_00082,10.287302017211914
test_00083,86.12083435058594
test_00084,29.536203384399414
test_00085,34.01161193847656
test_00086,39.359066009521484
test_00087,70.60515594482422
test_00088,70.36731719970703
test_00089,76.11212158203125
test_00090,123.84628295898438
test_00091,77.48347473144531
test_00092,197.76304626464844
test_00093,52.677528381347656
test_00094,9.272001266479492
test_00095,66.773193359375
test_00096,45.03384780883789
test_00097,60.843544006347656
test_00098,12.924806594848633
test_00099,105.9791259765625
test_00100,16.555322647094727
test_00101,13.95547103881836
test_00102,127.08383178710938
test_00103,86.91545104980469
test_00104,157.85195922851562
test_00105,56.29669952392578
test_00106,104.70881652832031
test_00107,9.071590423583984
test_00108,13.396278381347656
test_00109,28.629718780517578
test_00110,60.31835174560547
test_00111,96.7813949584961
test_00112,114.56800842285156
test_00113,59.30534362792969
test_00114,27.007728576660156
test_00115,37.119468688964844
test_00116,111.19548034667969
test_00117,54.88919448852539
test_00118,87.23895263671875
test_00119,84.10708618164062
test_00120,83.28479766845703
test_00121,64.71681213378906
test_00122,106.26536560058594
test_00123,79.90754699707031
test_00124,54.55323028564453
test_00125,20.42648696899414
test_00126,64.73133850097656
test_00127,35.27119445800781
test_00128,33.26049041748047
test_00129,84.95488739013672
test_00130,113.84486389160156
test_00131,68.34506225585938
test_00132,15.080265045166016
test_00133,29.598093032836914
test_00134,65.87046813964844
test_00135,147.8512725830078
test_00136,122.65501403808594
test_00137,50.39103698730469
test_00138,13.397045135498047
test_00139,122.41141510009766
test_00140,106.17369079589844
test_00141,44.108154296875
test_00142,85.33590698242188
test_00143,97.27873229980469
test_00144,56.05834197998047
test_00145,92.55732727050781
test_00146,83.73103332519531
test_00147,116.30467987060547
test_00148,14.408405303955078
test_00149,45.56780242919922
test_00150,51.771568298339844
test_00151,65.82489013671875
test_00152,92.30591583251953
test_00153,49.778533935546875
test_00154,36.79985046386719
test_00155,11.95439338684082
test_00156,9.789517402648926
test_00157,24.529706954956055
test_00158,78.74949645996094
test_00159,63.90956115722656
test_00160,24.97281265258789
test_00161,57.454593658447266
test_00162,65.13180541992188
test_00163,35.15077590942383
test_00164,79.3305435180664
test_00165,108.26172637939453
test_00166,9.334100723266602
test_00167,20.845603942871094
test_00168,9.656449317932129
test_00169,18.59337615966797
test_00170,25.569534301757812
test_00171,21.418228149414062
test_00172,7.76274299621582
test_00173,11.412494659423828
test_00174,11.901796340942383
test_00175,142.09259033203125
test_00176,35.757225036621094
test_00177,10.011465072631836
test_00178,10.377099990844727
test_00179,10.497740745544434
test_00180,10.673295974731445
test_00181,27.88558578491211
test_00182,41.590824127197266
test_00183,66.39909362792969
test_00184,84.01515197753906
test_00185,155.09451293945312
test_00186,31.402114868164062
test_00187,29.377601623535156
test_00188,14.013032913208008
test_00189,19.77845001220703
test_00190,40.598018646240234
test_00191,92.12139892578125
test_00192,88.18212127685547
test_00193,25.199779510498047
test_00194,178.31820678710938
test_00195,21.85389518737793
test_00196,7.903505802154541
test_00197,34.092464447021484
test_00198,85.83920288085938
test_00199,199.91049194335938
test_00200,164.32005310058594
test_00201,102.44314575195312
test_00202,40.05278778076172
test_00203,57.229347229003906
test_00204,56.13827896118164
test_00205,57.26888656616211
test_00206,18.495197296142578
test_00207,44.37715148925781
test_00208,140.94891357421875
test_00209,51.252384185791016
test_00210,122.92146301269531
test_00211,224.80178833007812
test_00212,270.6173095703125
test_00213,120.85651397705078
test_00214,100.9615478515625
test_00215,62.49259948730469
test_00216,181.640625
test_00217,39.52323532104492
test_00218,35.03253173828125
test_00219,10.032615661621094
test_00220,23.326717376708984
test_00221,48.437461853027344
test_00222,120.66900634765625
test_00223,7.303834438323975
test_00224,66.48063659667969
test_00225,7.119859218597412
test_00226,25.07476043701172
test_00227,8.64771842956543
test_00228,7.966556549072266
test_00229,69.11344909667969
test_00230,123.12830352783203
test_00231,292.53582763671875
test_00232,233.68051147460938
test_00233,98.0189208984375
test_00234,100.95327758789062
test_00235,9.510347366333008
test_00236,95.10641479492188
test_00237,212.84829711914062
test_00238,26.774051666259766
test_00239,69.05821990966797
test_00240,56.32447814941406
test_00241,9.214520454406738
test_00242,25.6651554107666
test_00243,89.39900207519531
test_00244,65.49553680419922
test_00245,194.25794982910156
test_00246,19.74629783630371
test_00247,73.82527160644531
test_00248,7.106570720672607
test_00249,7.7772393226623535
test_00250,8.980499267578125
test_00251,84.19551086425781
test_00252,196.57662963867188
test_00253,255.76547241210938
test_00254,18.38994789123535
test_00255,72.66560363769531
test_00256,156.6031951904297
test_00257,9.077173233032227
test_00258,128.43826293945312
test_00259,134.47396850585938
test_00260,482.95623779296875
test_00261,70.26960754394531
test_00262,26.54522705078125
test_00263,113.46233367919922
test_00264,188.43084716796875
test_00265,7.833481788635254
test_00266,15.040512084960938
test_00267,106.87423706054688
test_00268,230.01014709472656
test_00269,9.25727653503418
test_00270,12.83650016784668
test_00271,8.407265663146973
test_00272,56.86896896362305
test_00273,266.440673828125
test_00274,210.3975830078125
test_00275,200.4454345703125
test_00276,401.64398193359375
test_00277,391.6710205078125
test_00278,15.580735206604004
test_00279,81.81983184814453
test_00280,169.46231079101562
test_00281,183.10015869140625
test_00282,11.872455596923828
test_00283,141.6627197265625
test_00284,11.548307418823242
test_00285,323.2922668457031
test_00286,278.72576904296875
test_00287,426.34747314453125
test_00288,93.75682067871094
test_00289,288.65142822265625
test_00290,341.8668212890625
test_00291,257.95428466796875
test_00292,186.44784545898438
test_00293,122.34445190429688
test_00294,14.722373962402344
test_00295,10.448783874511719
test_00296,7.401607990264893
test_00297,46.56963348388672
test_00298,80.79686737060547
test_00299,10.003087043762207
test_00300,28.083412170410156
test_00301,88.42919921875
test_00302,126.81707763671875
test_00303,167.35105895996094
test_00304,65.94061279296875
test_00305,8.473648071289062
test_00306,75.0948486328125
test_00307,9.325340270996094
test_00308,19.175827026367188
test_00309,82.14007568359375
test_00310,202.85548400878906
test_00311,281.1839904785156
test_00312,9.724197387695312
test_00313,551.7793579101562
test_00314,9.236467361450195
test_00315,7.31638240814209
test_00316,100.31488037109375
test_00317,7.892572402954102
test_00318,53.687110900878906
test_00319,83.84786987304688
test_00320,275.91729736328125
test_00321,10.057683944702148
test_00322,8.591547012329102
test_00323,92.859619140625
test_00324,8.46548080444336
test_00325,7.522889137268066
test_00326,8.438558578491211
test_00327,105.43585205078125
test_00328,138.71580505371094
test_00329,170.86529541015625
test_00330,264.4957275390625
test_00331,300.47015380859375
test_00332,8.072575569152832
test_00333,76.29114532470703
test_00334,164.023193359375
test_00335,8.570938110351562
test_00336,45.529151916503906
test_00337,94.21858215332031
test_00338,15.280832290649414
test_00339,28.946788787841797
test_00340,13.241841316223145
test_00341,21.42620849609375
test_00342,8.300597190856934
test_00343,118.04158020019531
test_00344,192.55630493164062
test_00345,248.43560791015625
test_00346,56.05495071411133
test_00347,22.693214416503906
test_00348,82.26313781738281
test_00349,7.994688987731934
test_00350,9.013113021850586
test_00351,15.827415466308594
test_00352,14.085121154785156
test_00353,91.4108657836914
test_00354,13.76800537109375
test_00355,80.491455078125
test_00356,226.0579833984375
test_00357,270.06243896484375
test_00358,66.29766845703125
test_00359,46.02003479003906
test_00360,25.63095474243164
test_00361,110.26481628417969
test_00362,59.66776657104492
test_00363,9.26796817779541
test_00364,10.177135467529297
test_00365,10.463784217834473
test_00366,8.933807373046875
test_00367,18.02487564086914
test_00368,10.711674690246582
test_00369,8.569986343383789
test_00370,57.964271545410156
test_00371,72.90386962890625
test_00372,9.932875633239746
test_00373,13.809568405151367
test_00374,36.693206787109375
test_00375,45.68363571166992
test_00376,78.7651138305664
test_00377,18.146743774414062
test_00378,9.946508407592773
test_00379,11.459121704101562
test_00380,45.549068450927734
test_00381,35.377105712890625
test_00382,104.18702697753906
test_00383,13.374944686889648
test_00384,33.77009582519531
test_00385,84.26384735107422
test_00386,10.724931716918945
test_00387,14.316152572631836
test_00388,24.84461212158203
test_00389,80.98724365234375
test_00390,72.607666015625
test_00391,36.887779235839844
test_00392,9.51308822631836
test_00393,42.937774658203125
test_00394,92.9884262084961
test_00395,74.7302474975586
test_00396,70.36276245117188
test_00397,76.85840606689453
test_00398,53.13976287841797
test_00399,151.66754150390625
test_00400,31.79242515563965
test_00401,9.479476928710938
test_00402,12.528287887573242
test_00403,15.741151809692383
test_00404,16.477340698242188
test_00405,77.05332946777344
test_00406,22.99262237548828
test_00407,41.686100006103516
test_00408,186.64578247070312
test_00409,15.219747543334961
test_00410,32.467796325683594
test_00411,59.345176696777344
test_00412,12.002960205078125
test_00413,17.951126098632812
test_00414,47.49283218383789
test_00415,80.65055084228516
test_00416,99.5630874633789
test_00417,80.102783203125
test_00418,44.79302978515625
test_00419,73.87411499023438
test_00420,22.377735137939453
test_00421,14.019729614257812
test_00422,14.658454895019531
test_00423,19.111995697021484
test_00424,85.43202209472656
test_00425,9.526395797729492
test_00426,69.52244567871094
test_00427,41.81246566772461
test_00428,55.6908073425293
test_00429,86.96694946289062
test_00430,105.5073471069336
test_00431,67.34431457519531
test_00432,74.25559997558594
test_00433,112.54044342041016
test_00434,71.27285766601562
test_00435,127.70025634765625
test_00436,46.5977668762207
test_00437,9.687337875366211
test_00438,42.42000198364258
test_00439,24.913677215576172
test_00440,30.9321346282959
test_00441,9.371850967407227
test_00442,17.96200180053711
test_00443,18.46411895751953
test_00444,24.58968734741211
test_00445,47.05885314941406
test_00446,138.2452392578125
test_00447,97.74498748779297
test_00448,62.458351135253906
test_00449,34.61164855957031
test_00450,10.582239151000977
test_00451,26.9739990234375
test_00452,63.43813705444336
test_00453,63.894256591796875
test_00454,117.59001922607422
test_00455,9.24643611907959
test_00456,13.941835403442383
test_00457,33.005279541015625
test_00458,96.20330047607422
test_00459,41.41090393066406
test_00460,83.36676788330078
test_00461,73.62294006347656
test_00462,72.64144134521484
test_00463,48.48894500732422
test_00464,87.79800415039062
test_00465,52.87755584716797
test_00466,41.09291076660156
test_00467,10.298508644104004
test_00468,41.66404342651367
test_00469,19.215900421142578
test_00470,27.142868041992188
test_00471,59.80229187011719
test_00472,108.0988998413086
test_00473,24.90570068359375
test_00474,12.546955108642578
test_00475,17.682355880737305
test_00476,90.91014862060547
test_00477,150.1527099609375
test_00478,68.63803100585938
test_00479,33.110450744628906
test_00480,22.242630004882812
test_00481,13.704456329345703
test_00482,66.48944091796875
test_00483,135.91238403320312
test_00484,31.456911087036133
test_00485,41.210350036621094
test_00486,64.94391632080078
test_00487,23.649898529052734
test_00488,41.850868225097656
test_00489,68.04306030273438
test_00490,96.15711975097656
test_00491,19.21936798095703
test_00492,37.370338439941406
test_00493,46.45574951171875
test_00494,94.100830078125
test_00495,34.1987419128418
test_00496,26.639320373535156
test_00497,8.228768348693848
test_00498,17.892412185668945
test_00499,20.907791137695312
test_00500,60.740325927734375
test_00501,58.62371826171875
test_00502,14.208137512207031
test_00503,37.913185119628906
test_00504,44.40119171142578
test_00505,35.81903839111328
test_00506,60.60641098022461
test_00507,49.88310241699219
test_00508,7.743927955627441
test_00509,10.231239318847656
test_00510,8.068717956542969
test_00511,14.95149040222168
test_00512,13.177268028259277
test_00513,11.335973739624023
test_00514,9.2875394821167
test_00515,15.14810562133789
test_00516,12.952249526977539
test_00517,129.44110107421875
test_00518,34.0015869140625
test_00519,9.140295028686523
test_00520,51.78575134277344
test_00521,9.104331970214844
test_00522,9.90552043914795
test_00523,12.725607872009277
test_00524,18.32807159423828
test_00525,27.273700714111328
test_00526,114.44769287109375
test_00527,29.607654571533203
test_00528,50.13157653808594
test_00529,29.288747787475586
test_00530,26.868999481201172
test_00531,9.905622482299805
test_00532,13.879335403442383
test_00533,25.325998306274414
test_00534,79.27560424804688
test_00535,98.38735961914062
test_00536,11.816152572631836
test_00537,113.12509155273438
test_00538,19.868179321289062
test_00539,9.083152770996094
test_00540,9.916770935058594
test_00541,31.07006072998047
test_00542,110.8260498046875
test_00543,165.75088500976562
test_00544,153.1533966064453
test_00545,129.07928466796875
test_00546,43.26701354980469
test_00547,56.56763458251953
test_00548,67.49127197265625
test_00549,41.719810485839844
test_00550,19.425003051757812
test_00551,61.4428825378418
test_00552,102.00406646728516
test_00553,77.89018249511719
test_00554,113.53211975097656
test_00555,153.101318359375
test_00556,238.17311096191406
test_00557,155.3165283203125
test_00558,13.057329177856445
test_00559,94.77301788330078
test_00560,142.81338500976562
test_00561,128.44369506835938
test_00562,33.746177673339844
test_00563,10.844874382019043
test_00564,32.95688247680664
test_00565,55.503173828125
test_00566,100.10182189941406
test_00567,18.94466209411621
test_00568,45.8922119140625
test_00569,7.63238525390625
test_00570,30.1458740234375
test_00571,9.64594554901123
test_00572,11.848865509033203
test_00573,72.3209228515625
test_00574,31.53026580810547
test_00575,274.7286376953125
test_00576,235.44384765625
test_00577,162.92449951171875
test_00578,66.80738067626953
test_00579,16.129356384277344
test_00580,52.068214416503906
test_00581,216.44332885742188
test_00582,22.29457664489746
test_00583,47.06977081298828
test_00584,53.6392936706543
test_00585,52.17869567871094
test_00586,15.97169303894043
test_00587,91.5135498046875
test_00588,114.6930923461914
test_00589,184.66555786132812
test_00590,12.884703636169434
test_00591,58.582984924316406
test_00592,8.95859146118164
test_00593,9.280189514160156
test_00594,10.77830696105957
test_00595,65.83414459228516
test_00596,130.692138671875
test_00597,220.938232421875
test_00598,16.575101852416992
test_00599,76.02062225341797
test_00600,113.72687530517578
test_00601,18.844284057617188
test_00602,25.34764289855957
test_00603,83.14552307128906
test_00604,162.41409301757812
test_00605,147.43759155273438
test_00606,28.964370727539062
test_00607,106.84844970703125
test_00608,170.01202392578125
test_00609,11.936761856079102
test_00610,81.44256591796875
test_00611,71.13998413085938
test_00612,199.9083251953125
test_00613,48.94037628173828
test_00614,8.264446258544922
test_00615,11.165281295776367
test_00616,80.50395202636719
test_00617,165.7756805419922
test_00618,235.71954345703125
test_00619,207.40048217773438
test_00620,311.4035339355469
test_00621,416.00933837890625
test_00622,13.297454833984375
test_00623,63.19404602050781
test_00624,233.67564392089844
test_00625,231.06031799316406
test_00626,10.484570503234863
test_00627,87.28718566894531
test_00628,7.6058030128479
test_00629,50.76517868041992
test_00630,118.80007934570312
test_00631,363.1230163574219
test_00632,30.617023468017578
test_00633,139.19227600097656
test_00634,158.79530334472656
test_00635,195.83258056640625
test_00636,165.88003540039062
test_00637,261.0982360839844
test_00638,18.946014404296875
test_00639,8.809866905212402
test_00640,9.09853744506836
test_00641,19.084247589111328
test_00642,24.23800277709961
test_00643,9.901741027832031
test_00644,19.868879318237305
test_00645,104.78096008300781
test_00646,117.94094848632812
test_00647,174.13784790039062
test_00648,58.430503845214844
test_00649,8.459663391113281
test_00650,47.64855194091797
test_00651,11.241048812866211
test_00652,33.74215316772461
test_00653,44.85401916503906
test_00654,111.56058502197266
test_00655,201.85206604003906
test_00656,9.488275527954102
test_00657,260.57342529296875
test_00658,8.993663787841797
test_00659,13.631841659545898
test_00660,74.38384246826172
test_00661,9.997457504272461
test_00662,100.1965103149414
test_00663,119.62908935546875
test_00664,249.24571228027344
test_00665,10.432289123535156
test_00666,13.560178756713867
test_00667,93.55813598632812
test_00668,8.324517250061035
test_00669,8.154266357421875
test_00670,11.669695854187012
test_00671,57.235145568847656
test_00672,82.07183074951172
test_00673,79.91560363769531
test_00674,225.7775115966797
test_00675,258.4727783203125
test_00676,7.502561092376709
test_00677,58.062713623046875
test_00678,124.25017547607422
test_00679,8.01152515411377
test_00680,43.654083251953125
test_00681,113.15138244628906
test_00682,14.049063682556152
test_00683,25.756019592285156
test_00684,14.562234878540039
test_00685,66.20083618164062
test_00686,71.69461059570312
test_00687,10.307271957397461
test_00688,159.7056884765625
test_00689,199.87750244140625
test_00690,350.1560974121094
test_00691,68.53582763671875
test_00692,26.65645408630371
test_00693,44.05345153808594
test_00694,7.210419654846191
test_00695,7.7014312744140625
test_00696,9.106685638427734
test_00697,11.247076034545898
test_00698,92.78927612304688
test_00699,12.462242126464844
test_00700,98.44699096679688
test_00701,234.18283081054688
test_00702,307.71710205078125
test_00703,60.67156982421875
test_00704,54.14958953857422
test_00705,41.37255096435547
test_00706,146.88815307617188
test_00707,87.87672424316406
test_00708,7.747322082519531
test_00709,9.051511764526367
test_00710,9.08389663696289
test_00711,9.212335586547852
test_00712,17.47648811340332
test_00713,11.784133911132812
test_00714,7.742983818054199
test_00715,60.128211975097656
test_00716,112.0125732421875
test_00717,10.763433456420898
test_00718,7.775760173797607
test_00719,34.393714904785156
test_00720,51.40764617919922
test_00721,73.85397338867188
test_00722,19.209720611572266
test_00723,12.899032592773438
test_00724,16.364946365356445
test_00725,57.76032257080078
test_00726,39.538551330566406
test_00727,103.27980041503906
test_00728,13.465703010559082
test_00729,38.97454833984375
test_00730,93.06688690185547
test_00731,10.197456359863281
test_00732,8.057256698608398
test_00733,17.200904846191406
test_00734,116.90476989746094
test_00735,66.28997802734375
test_00736,44.859493255615234
test_00737,8.231547355651855
test_00738,42.77556228637695
test_00739,120.73478698730469
test_00740,88.9981689453125
test_00741,67.42127990722656
test_00742,53.353240966796875
test_00743,47.9088134765625
test_00744,142.83041381835938
test_00745,211.30596923828125
test_00746,19.446706771850586
test_00747,22.849946975708008
test_00748,84.46599578857422
test_00749,13.956596374511719
test_00750,13.341924667358398
test_00751,62.532798767089844
test_00752,19.464136123657227
test_00753,41.659420013427734
test_00754,170.297607421875
test_00755,18.32624053955078
test_00756,30.729665756225586
test_00757,46.17986297607422
test_00758,8.855291366577148
test_00759,15.626964569091797
test_00760,47.87311553955078
test_00761,70.62992858886719
test_00762,84.58090209960938
test_00763,63.93385314941406
test_00764,34.5587158203125
test_00765,63.381500244140625
test_00766,27.11302947998047
test_00767,13.838672637939453
test_00768,12.216510772705078
test_00769,16.096160888671875
test_00770,84.50981903076172
test_00771,9.326762199401855
test_00772,79.12492370605469
test_00773,35.66739273071289
test_00774,25.209623336791992
test_00775,47.29630661010742
test_00776,102.63323974609375
test_00777,65.83763885498047
test_00778,85.1780014038086
test_00779,91.78772735595703
test_00780,51.665584564208984
test_00781,103.45787048339844
test_00782,50.20751190185547
test_00783,9.322723388671875
test_00784,12.529133796691895
test_00785,26.705825805664062
test_00786,25.3580322265625
test_00787,9.130805015563965
test_00788,15.334468841552734
test_00789,11.564449310302734
test_00790,17.678714752197266
test_00791,39.33708190917969
test_00792,147.25820922851562
test_00793,60.78124237060547
test_00794,49.68415069580078
test_00795,12.757953643798828
test_00796,7.973726272583008
test_00797,14.000635147094727
test_00798,38.59960174560547
test_00799,67.429443359375
test_00800,72.24830627441406
test_00801,113.15382385253906
test_00802,8.28856372833252
test_00803,9.09518814086914
test_00804,31.40716552734375
test_00805,80.98712158203125
test_00806,55.93217086791992
test_00807,79.61019134521484
test_00808,57.14064025878906
test_00809,90.84454345703125
test_00810,69.23226928710938
test_00811,99.21696472167969
test_00812,58.999454498291016
test_00813,38.364173889160156
test_00814,10.322505950927734
test_00815,41.87110137939453
test_00816,15.308965682983398
test_00817,16.389293670654297
test_00818,62.838260650634766
test_00819,107.10164642333984
test_00820,33.157814025878906
test_00821,12.49348258972168
test_00822,16.129375457763672
test_00823,89.10076904296875
test_00824,151.3543701171875
test_00825,72.6407470703125
test_00826,9.968339920043945
test_00827,23.648479461669922
test_00828,13.315328598022461
test_00829,71.8180923461914
test_00830,141.34085083007812
test_00831,34.70513153076172
test_00832,34.69462585449219
test_00833,58.597068786621094
test_00834,29.546659469604492
test_00835,45.09144973754883
test_00836,64.7203369140625
test_00837,97.1226806640625
test_00838,17.987930297851562
test_00839,33.87934112548828
test_00840,45.854942321777344
test_00841,116.08746337890625
test_00842,112.28660583496094
test_00843,14.470335006713867
test_00844,20.359451293945312
test_00845,9.428114891052246
test_00846,9.368520736694336
test_00847,24.85973358154297
test_00848,49.38084411621094
test_00849,42.15623474121094
test_00850,12.562636375427246
test_00851,29.298885345458984
test_00852,46.957244873046875
test_00853,32.37117004394531
test_00854,59.697452545166016
test_00855,48.76200485229492
test_00856,7.204046726226807
test_00857,9.613123893737793
test_00858,7.787773609161377
test_00859,9.501070022583008
test_00860,13.652389526367188
test_00861,10.5396089553833
test_00862,6.856398582458496
test_00863,9.43152904510498
test_00864,10.032613754272461
test_00865,117.02677917480469
test_00866,23.926372528076172
test_00867,8.87314510345459
test_00868,48.618560791015625
test_00869,9.874151229858398
test_00870,9.459020614624023
test_00871,10.486342430114746
test_00872,15.539144515991211
test_00873,16.846343994140625
test_00874,122.73068237304688
test_00875,24.272228240966797
test_00876,35.98495864868164
test_00877,22.018280029296875
test_00878,20.905811309814453
test_00879,9.932653427124023
test_00880,11.223003387451172
test_00881,75.11782836914062
test_00882,20.766414642333984
test_00883,112.20191955566406
test_00884,14.94356918334961
test_00885,7.800978183746338
test_00886,8.235882759094238
test_00887,23.07535743713379
test_00888,97.02772521972656
test_00889,160.63919067382812
test_00890,139.87078857421875
test_00891,91.27098083496094
test_00892,34.92401123046875
test_00893,70.76536560058594
test_00894,70.92561340332031
test_00895,36.01325225830078
test_00896,141.4076690673828
test_00897,145.22067260742188
test_00898,8.88012981414795
test_00899,79.9731216430664
test_00900,153.04583740234375
test_00901,124.35267639160156
test_00902,32.714759826660156
test_00903,8.798761367797852
test_00904,16.490251541137695
test_00905,45.38410186767578
test_00906,19.28219223022461
test_00907,33.17601776123047
test_00908,7.253481864929199
test_00909,32.69727325439453
test_00910,8.341164588928223
test_00911,9.450243949890137
test_00912,64.2602767944336
test_00913,22.730976104736328
test_00914,183.96250915527344
test_00915,258.391845703125
test_00916,173.21298217773438
test_00917,42.803977966308594
test_00918,7.700956344604492
test_00919,53.80184555053711
test_00920,216.4932861328125
test_00921,13.045537948608398
test_00922,21.473655700683594
test_00923,48.452919006347656
test_00924,24.302562713623047
test_00925,23.856042861938477
test_00926,79.30445861816406
test_00927,117.55503845214844
test_00928,180.96575927734375
test_00929,10.199934005737305
test_00930,56.476226806640625
test_00931,8.010787963867188
test_00932,8.376677513122559
test_00933,7.412740707397461
test_00934,76.36296081542969
test_00935,123.01666259765625
test_00936,228.9315185546875
test_00937,7.623861789703369
test_00938,74.36770629882812
test_00939,99.08319854736328
test_00940,10.196599006652832
test_00941,11.927850723266602
test_00942,73.24575805664062
test_00943,169.2824249267578
test_00944,135.83255004882812
test_00945,19.810176849365234
test_00946,54.67383575439453
test_00947,140.63214111328125
test_00948,11.688398361206055
test_00949,27.93274688720703
test_00950,68.6119613647461
test_00951,191.57177734375
test_00952,101.74801635742188
test_00953,8.325019836425781
test_00954,9.15403938293457
test_00955,87.24427795410156
test_00956,136.69256591796875
test_00957,230.73809814453125
test_00958,212.86441040039062
test_00959,362.5401611328125
test_00960,393.5295104980469
test_00961,9.539823532104492
test_00962,44.569522857666016
test_00963,205.71182250976562
test_00964,202.3790740966797
test_00965,9.585240364074707
test_00966,79.34326171875
test_00967,8.17223072052002
test_00968,58.627628326416016
test_00969,132.233154296875
test_00970,189.77737426757812
test_00971,17.223846435546875
test_00972,134.52964782714844
test_00973,71.40069580078125
test_00974,223.79165649414062
test_00975,165.30364990234375
test_00976,227.22816467285156
test_00977,19.036426544189453
test_00978,8.588072776794434
test_00979,9.10777759552002
test_00980,12.36799430847168
test_00981,17.283552169799805
test_00982,9.577816009521484
test_00983,22.08126449584961
test_00984,114.4064712524414
test_00985,130.43170166015625
test_00986,129.71807861328125
test_00987,48.830345153808594
test_00988,7.239236831665039
test_00989,60.2187614440918
test_00990,8.013733863830566
test_00991,34.931297302246094
test_00992,44.130348205566406
test_00993,142.37353515625
test_00994,197.39456176757812
test_00995,9.636676788330078
test_00996,272.85357666015625
test_00997,8.452150344848633
test_00998,7.959331035614014
test_00999,65.73007202148438
test_01000,8.096550941467285
test_01001,79.06324768066406
test_01002,110.4664077758789
test_01003,235.0916748046875
test_01004,9.08892822265625
test_01005,12.281327247619629
test_01006,91.38400268554688
test_01007,8.310336112976074
test_01008,7.556785583496094
test_01009,8.241986274719238
test_01010,54.03900146484375
test_01011,88.60279846191406
test_01012,44.09144592285156
test_01013,214.4957275390625
test_01014,249.222900390625
test_01015,6.985956192016602
test_01016,52.31597137451172
test_01017,115.52226257324219
test_01018,8.117542266845703
test_01019,26.771377563476562
test_01020,94.23756408691406
test_01021,8.984001159667969
test_01022,16.55948257446289
test_01023,13.379283905029297
test_01024,28.658649444580078
test_01025,81.698974609375
test_01026,9.40201187133789
test_01027,204.75930786132812
test_01028,131.78839111328125
test_01029,367.2636413574219
test_01030,73.1160888671875
test_01031,48.0356559753418
test_01032,104.3871078491211
test_01033,7.666570663452148
test_01034,6.873055458068848
test_01035,8.240080833435059
test_01036,19.304332733154297
test_01037,115.14096069335938
test_01038,10.330391883850098
test_01039,123.49813842773438
test_01040,283.209228515625
test_01041,313.1368408203125
test_01042,72.28146362304688
test_01043,49.18048095703125
test_01044,55.89442825317383
test_01045,131.63555908203125
test_01046,56.277008056640625
test_01047,13.263813972473145
test_01048,44.19313049316406
test_01049,11.965323448181152
test_01050,53.355960845947266
test_01051,16.587810516357422
test_01052,11.07568073272705
test_01053,122.89842224121094
test_01054,77.6423568725586
test_01055,9.949542999267578
test_01056,9.59817886352539
test_01057,79.28568267822266
test_01058,110.56612396240234
test_01059,115.3543472290039
test_01060,33.0513916015625
test_01061,16.62986183166504
test_01062,64.79853820800781
test_01063,63.794044494628906
test_01064,44.27069091796875
test_01065,97.46040344238281
test_01066,64.04882049560547
test_01067,35.966270446777344
test_01068,103.965576171875
test_01069,10.21036148071289
test_01070,13.62446403503418
test_01071,29.626880645751953
test_01072,70.88212585449219
test_01073,87.75752258300781
test_01074,53.09828567504883
test_01075,22.13437271118164
test_01076,70.6174087524414
test_01077,77.79148864746094
test_01078,98.81013488769531
test_01079,104.24746704101562
test_01080,64.73650360107422
test_01081,213.16705322265625
test_01082,32.35342788696289
test_01083,16.545787811279297
test_01084,59.712921142578125
test_01085,51.924922943115234
test_01086,29.15207862854004
test_01087,83.1059341430664
test_01088,25.828773498535156
test_01089,59.960689544677734
test_01090,180.0468292236328
test_01091,24.778244018554688
test_01092,40.014739990234375
test_01093,65.07950592041016
test_01094,47.75056076049805
test_01095,47.82373809814453
test_01096,55.72035217285156
test_01097,84.8449478149414
test_01098,132.78713989257812
test_01099,87.88450622558594
test_01100,74.82257080078125
test_01101,86.97331237792969
test_01102,60.310882568359375
test_01103,10.291603088378906
test_01104,21.602699279785156
test_01105,78.5137939453125
test_01106,35.232696533203125
test_01107,12.490291595458984
test_01108,99.3814697265625
test_01109,36.946983337402344
test_01110,38.53901672363281
test_01111,44.37743377685547
test_01112,78.34645080566406
test_01113,120.35939025878906
test_01114,90.82557678222656
test_01115,182.97891235351562
test_01116,50.49430847167969
test_01117,11.89236831665039
test_01118,58.543251037597656
test_01119,73.0233383178711
test_01120,59.85335159301758
test_01121,13.262968063354492
test_01122,31.38051986694336
test_01123,28.061153411865234
test_01124,37.802276611328125
test_01125,111.25970458984375
test_01126,91.57775115966797
test_01127,173.02886962890625
test_01128,58.49365997314453
test_01129,124.81072998046875
test_01130,8.720361709594727
test_01131,14.382719993591309
test_01132,27.58861541748047
test_01133,71.20692443847656
test_01134,101.52129364013672
test_01135,115.47039794921875
test_01136,72.36135864257812
test_01137,37.32868957519531
test_01138,45.066925048828125
test_01139,137.02239990234375
test_01140,48.467994689941406
test_01141,93.86973571777344
test_01142,87.83888244628906
test_01143,99.70429229736328
test_01144,95.46595001220703
test_01145,162.148681640625
test_01146,137.50442504882812
test_01147,21.582801818847656
test_01148,25.240665435791016
test_01149,29.707754135131836
test_01150,32.41773986816406
test_01151,98.53228759765625
test_01152,107.78451538085938
test_01153,96.41624450683594
test_01154,14.151628494262695
test_01155,33.823516845703125
test_01156,71.23422241210938
test_01157,32.59496307373047
test_01158,58.455421447753906
test_01159,118.88215637207031
test_01160,45.039024353027344
test_01161,69.09500885009766
test_01162,178.74969482421875
test_01163,93.19349670410156
test_01164,108.23011779785156
test_01165,79.39464569091797
test_01166,141.64736938476562
test_01167,26.635478973388672
test_01168,55.26806640625
test_01169,47.908843994140625
test_01170,77.42791748046875
test_01171,83.40644073486328
test_01172,51.71473693847656
test_01173,37.28959274291992
test_01174,14.60287094116211
test_01175,10.221229553222656
test_01176,33.51682662963867
test_01177,93.23388671875
test_01178,65.55763244628906
test_01179,37.81287384033203
test_01180,77.37606048583984
test_01181,71.63246154785156
test_01182,42.74213409423828
test_01183,87.44078063964844
test_01184,125.59366607666016
test_01185,9.384336471557617
test_01186,29.93419647216797
test_01187,11.381680488586426
test_01188,18.058147430419922
test_01189,32.01422119140625
test_01190,20.782400131225586
test_01191,7.7362961769104
test_01192,10.49748420715332
test_01193,13.624330520629883
test_01194,133.18324279785156
test_01195,31.581771850585938
test_01196,10.193352699279785
test_01197,46.63146209716797
test_01198,11.7781343460083
test_01199,10.736566543579102
test_01200,14.807364463806152
test_01201,32.53570556640625
test_01202,29.25021743774414
test_01203,67.73238372802734
test_01204,79.47285461425781
test_01205,160.99404907226562
test_01206,30.219547271728516
test_01207,32.51906204223633
test_01208,16.816177368164062
test_01209,34.3245849609375
test_01210,47.68804931640625
test_01211,89.02302551269531
test_01212,114.0693130493164
test_01213,31.65484619140625
test_01214,189.85842895507812
test_01215,34.90607452392578
test_01216,8.213117599487305
test_01217,8.80866813659668
test_01218,45.413734436035156
test_01219,92.94203186035156
test_01220,225.9185791015625
test_01221,189.35440063476562
test_01222,107.55448150634766
test_01223,63.60540008544922
test_01224,56.390533447265625
test_01225,54.22954559326172
test_01226,21.598678588867188
test_01227,55.19159698486328
test_01228,181.1341094970703
test_01229,53.71991729736328
test_01230,129.88623046875
test_01231,309.9195556640625
test_01232,132.8265380859375
test_01233,113.93421936035156
test_01234,58.55280685424805
test_01235,210.27816772460938
test_01236,32.0847282409668
test_01237,46.10523223876953
test_01238,8.254016876220703
test_01239,16.464675903320312
test_01240,53.50912857055664
test_01241,131.17189025878906
test_01242,7.170989036560059
test_01243,7.1333723068237305
test_01244,28.46704864501953
test_01245,8.758865356445312
test_01246,8.797627449035645
test_01247,78.26390075683594
test_01248,169.08474731445312
test_01249,297.370849609375
test_01250,265.4374084472656
test_01251,108.33182525634766
test_01252,123.01336669921875
test_01253,8.889835357666016
test_01254,102.1739501953125
test_01255,191.6185302734375
test_01256,107.10650634765625
test_01257,59.46991729736328
test_01258,54.0861930847168
test_01259,9.606206893920898
test_01260,14.528664588928223
test_01261,89.06736755371094
test_01262,70.72628784179688
test_01263,197.24026489257812
test_01264,17.054737091064453
test_01265,77.83159637451172
test_01266,7.518156051635742
test_01267,7.678905487060547
test_01268,26.067813873291016
test_01269,102.934326171875
test_01270,228.56234741210938
test_01271,294.3372802734375
test_01272,18.497074127197266
test_01273,151.29684448242188
test_01274,166.50021362304688
test_01275,8.840681076049805
test_01276,127.65774536132812
test_01277,208.5142059326172
test_01278,526.2906494140625
test_01279,69.16485595703125
test_01280,40.26048278808594
test_01281,118.5263442993164
test_01282,231.73764038085938
test_01283,7.812576770782471
test_01284,14.366920471191406
test_01285,211.57879638671875
test_01286,244.30038452148438
test_01287,8.943673133850098
test_01288,11.145101547241211
test_01289,8.014078140258789
test_01290,101.35224914550781
test_01291,285.7140808105469
test_01292,221.84814453125
test_01293,247.39712524414062
test_01294,430.7348937988281
test_01295,487.63006591796875
test_01296,16.04144859313965
test_01297,101.93936157226562
test_01298,150.892822265625
test_01299,181.5022430419922
test_01300,8.715569496154785
test_01301,154.0720672607422
test_01302,14.62340259552002
test_01303,401.2743225097656
test_01304,369.38232421875
test_01305,377.12799072265625
test_01306,103.93951416015625
test_01307,340.696533203125
test_01308,333.066162109375
test_01309,283.251953125
test_01310,176.62185668945312
test_01311,143.27423095703125
test_01312,16.04582977294922
test_01313,12.001848220825195
test_01314,7.385367393493652
test_01315,65.89022827148438
test_01316,91.13949584960938
test_01317,9.16766357421875
test_01318,32.65994644165039
test_01319,98.37842559814453
test_01320,145.99365234375
test_01321,191.95510864257812
test_01322,66.14701843261719
test_01323,7.952001571655273
test_01324,82.07969665527344
test_01325,11.674355506896973
test_01326,33.21403503417969
test_01327,115.21571350097656
test_01328,182.25735473632812
test_01329,310.9114990234375
test_01330,12.67641830444336
test_01331,503.25714111328125
test_01332,9.995162963867188
test_01333,8.69964599609375
test_01334,85.88021850585938
test_01335,7.943560600280762
test_01336,92.93711853027344
test_01337,320.18927001953125
test_01338,10.173969268798828
test_01339,9.917060852050781
test_01340,70.30641174316406
test_01341,10.211461067199707
test_01342,9.213733673095703
test_01343,11.724092483520508
test_01344,132.92779541015625
test_01345,166.13885498046875
test_01346,199.06112670898438
test_01347,271.18621826171875
test_01348,260.241943359375
test_01349,8.111221313476562
test_01350,94.28423309326172
test_01351,169.6912841796875
test_01352,8.598258972167969
test_01353,50.5557746887207
test_01354,98.75767517089844
test_01355,14.157336235046387
test_01356,21.952777862548828
test_01357,12.400632858276367
test_01358,22.54932403564453
test_01359,111.16351318359375
test_01360,8.161626815795898
test_01361,176.87478637695312
test_01362,148.16510009765625
test_01363,369.0205383300781
test_01364,82.26116943359375
test_01365,54.6549072265625
test_01366,81.87910461425781
test_01367,7.508469581604004
test_01368,7.084702491760254
test_01369,7.911172866821289
test_01370,15.394828796386719
test_01371,108.17242431640625
test_01372,10.099353790283203
test_01373,105.40992736816406
test_01374,266.1932373046875
test_01375,325.6133117675781
test_01376,78.80328369140625
test_01377,48.29655456542969
test_01378,48.439659118652344
test_01379,125.28341674804688
test_01380,59.798370361328125
test_01381,12.286230087280273
test_01382,34.40028381347656
test_01383,38.88717269897461
test_01384,15.019051551818848
test_01385,45.72749328613281
test_01386,13.746186256408691
test_01387,10.874663352966309
test_01388,123.66778564453125
test_01389,78.61441802978516
test_01390,10.321377754211426
test_01391,9.354534149169922
test_01392,64.19100189208984
test_01393,112.97795104980469
test_01394,118.95254516601562
test_01395,31.35700035095215
test_01396,16.390913009643555
test_01397,61.60915756225586
test_01398,58.935997009277344
test_01399,86.61192321777344
test_01400,95.59386444091797
test_01401,39.677772521972656
test_01402,91.39413452148438
test_01403,15.08676528930664
test_01404,14.99713134765625
test_01405,33.71315002441406
test_01406,70.64509582519531
test_01407,81.27305603027344
test_01408,42.201629638671875
test_01409,15.843355178833008
test_01410,51.297264099121094
test_01411,67.89903259277344
test_01412,69.92573547363281
test_01413,91.05269622802734
test_01414,128.68948364257812
test_01415,56.62395095825195
test_01416,197.50172424316406
test_01417,197.94766235351562
test_01418,25.25656509399414
test_01419,24.114654541015625
test_01420,58.14867401123047
test_01421,19.107120513916016
test_01422,19.685163497924805
test_01423,69.49542236328125
test_01424,27.318195343017578
test_01425,45.84526062011719
test_01426,187.15267944335938
test_01427,19.155925750732422
test_01428,27.87923812866211
test_01429,63.83802795410156
test_01430,38.89141845703125
test_01431,40.49477005004883
test_01432,53.409446716308594
test_01433,83.91070556640625
test_01434,89.92762756347656
test_01435,89.96346282958984
test_01436,72.45228576660156
test_01437,86.3731460571289
test_01438,60.447021484375
test_01439,13.765016555786133
test_01440,15.013551712036133
test_01441,53.20405960083008
test_01442,38.893333435058594
test_01443,9.676708221435547
test_01444,95.52239990234375
test_01445,40.76215362548828
test_01446,43.55202102661133
test_01447,47.83247375488281
test_01448,78.15431213378906
test_01449,71.38580322265625
test_01450,92.92050170898438
test_01451,131.77316284179688
test_01452,96.01925659179688
test_01453,200.21994018554688
test_01454,52.86827850341797
test_01455,10.007966995239258
test_01456,64.94207763671875
test_01457,42.82135772705078
test_01458,66.23423767089844
test_01459,14.897383689880371
test_01460,28.220325469970703
test_01461,29.77515411376953
test_01462,36.728023529052734
test_01463,117.412109375
test_01464,99.00941467285156
test_01465,171.75936889648438
test_01466,68.92951965332031
test_01467,80.29120635986328
test_01468,8.563248634338379
test_01469,12.498830795288086
test_01470,27.25596809387207
test_01471,70.41395568847656
test_01472,103.8839111328125
test_01473,120.67414855957031
test_01474,83.74118041992188
test_01475,32.55826187133789
test_01476,33.31439971923828
test_01477,115.6205825805664
test_01478,51.70415496826172
test_01479,89.6019287109375
test_01480,104.44389343261719
test_01481,72.90994262695312
test_01482,68.96348571777344
test_01483,132.10220336914062
test_01484,104.5340347290039
test_01485,87.28733825683594
test_01486,16.967185974121094
test_01487,46.480308532714844
test_01488,43.600589752197266
test_01489,33.95703125
test_01490,109.00672912597656
test_01491,138.421142578125
test_01492,77.44436645507812
test_01493,15.155946731567383
test_01494,54.906768798828125
test_01495,125.61707305908203
test_01496,35.0068244934082
test_01497,48.87621307373047
test_01498,13.612427711486816
test_01499,122.68679809570312
test_01500,139.85484313964844
test_01501,56.608116149902344
test_01502,73.87570190429688
test_01503,153.03570556640625
test_01504,72.92369079589844
test_01505,97.75115966796875
test_01506,76.99554443359375
test_01507,115.77662658691406
test_01508,26.738407135009766
test_01509,50.695648193359375
test_01510,53.70720672607422
test_01511,76.16690063476562
test_01512,88.4088134765625
test_01513,71.47048950195312
test_01514,30.70201301574707
test_01515,14.901542663574219
test_01516,9.502153396606445
test_01517,26.797046661376953
test_01518,86.12483215332031
test_01519,62.60114288330078
test_01520,32.6600341796875
test_01521,68.38818359375
test_01522,71.05895233154297
test_01523,37.96476364135742
test_01524,112.29304504394531
test_01525,132.13790893554688
test_01526,8.731019973754883
test_01527,30.308792114257812
test_01528,9.144630432128906
test_01529,19.034095764160156
test_01530,26.909870147705078
test_01531,21.426998138427734
test_01532,8.242161750793457
test_01533,17.992929458618164
test_01534,19.589702606201172
test_01535,139.81716918945312
test_01536,26.54798698425293
test_01537,17.575807571411133
test_01538,52.760826110839844
test_01539,15.764182090759277
test_01540,9.247831344604492
test_01541,9.547207832336426
test_01542,36.550907135009766
test_01543,39.81669235229492
test_01544,76.15219116210938
test_01545,58.87439727783203
test_01546,152.5921630859375
test_01547,37.372276306152344
test_01548,29.01727867126465
test_01549,12.213172912597656
test_01550,27.111312866210938
test_01551,46.98918151855469
test_01552,100.66400146484375
test_01553,67.90991973876953
test_01554,30.402376174926758
test_01555,179.47569274902344
test_01556,22.000696182250977
test_01557,8.587520599365234
test_01558,11.398046493530273
test_01559,39.55500030517578
test_01560,95.70645904541016
test_01561,197.64730834960938
test_01562,171.42494201660156
test_01563,97.09823608398438
test_01564,38.9094123840332
test_01565,61.34722900390625
test_01566,54.2362060546875
test_01567,53.88222885131836
test_01568,15.535361289978027
test_01569,45.20930480957031
test_01570,175.27032470703125
test_01571,56.42523193359375
test_01572,122.06951904296875
test_01573,254.694091796875
test_01574,266.51513671875
test_01575,127.47474670410156
test_01576,127.24474334716797
test_01577,82.819580078125
test_01578,238.55816650390625
test_01579,47.903526306152344
test_01580,39.107200622558594
test_01581,7.795156002044678
test_01582,18.895591735839844
test_01583,79.81205749511719
test_01584,113.36026000976562
test_01585,8.360050201416016
test_01586,53.65739822387695
test_01587,7.312010765075684
test_01588,27.071670532226562
test_01589,9.505980491638184
test_01590,8.280108451843262
test_01591,73.9625244140625
test_01592,149.79620361328125
test_01593,260.2450256347656
test_01594,230.55116271972656
test_01595,105.42864990234375
test_01596,122.8424072265625
test_01597,9.7603120803833
test_01598,100.4599609375
test_01599,214.35018920898438
test_01600,136.9457244873047
test_01601,75.34220123291016
test_01602,61.44987869262695
test_01603,17.05419921875
test_01604,13.161235809326172
test_01605,77.52293395996094
test_01606,65.27435302734375
test_01607,193.78472900390625
test_01608,30.362537384033203
test_01609,70.00409698486328
test_01610,7.715206146240234
test_01611,7.446123123168945
test_01612,14.904664993286133
test_01613,101.48883056640625
test_01614,216.45388793945312
test_01615,319.55364990234375
test_01616,18.805889129638672
test_01617,109.86837768554688
test_01618,146.77505493164062
test_01619,7.9585676193237305
test_01620,137.4077911376953
test_01621,171.9819793701172
test_01622,443.4271240234375
test_01623,85.20947265625
test_01624,32.87877655029297
test_01625,124.88475036621094
test_01626,195.6708984375
test_01627,7.610107421875
test_01628,19.881797790527344
test_01629,149.04742431640625
test_01630,227.6466522216797
test_01631,9.667253494262695
test_01632,13.668790817260742
test_01633,10.263945579528809
test_01634,88.1790771484375
test_01635,263.73944091796875
test_01636,236.29299926757812
test_01637,206.34332275390625
test_01638,400.55767822265625
test_01639,498.4228210449219
test_01640,13.97024154663086
test_01641,88.95071411132812
test_01642,177.77642822265625
test_01643,178.22906494140625
test_01644,10.643085479736328
test_01645,157.2621307373047
test_01646,13.646921157836914
test_01647,341.02117919921875
test_01648,255.19766235351562
test_01649,414.772705078125
test_01650,146.53668212890625
test_01651,275.24591064453125
test_01652,259.33380126953125
test_01653,178.180908203125
test_01654,158.33071899414062
test_01655,23.3904972076416
test_01656,9.261358261108398
test_01657,7.929143905639648
test_01658,75.92057037353516
test_01659,96.94584655761719
test_01660,10.254549026489258
test_01661,29.421405792236328
test_01662,90.81105041503906
test_01663,125.99551391601562
test_01664,180.65020751953125
test_01665,52.22047424316406
test_01666,7.616206169128418
test_01667,70.18832397460938
test_01668,8.523031234741211
test_01669,17.820159912109375
test_01670,82.11854553222656
test_01671,176.80361938476562
test_01672,278.4630126953125
test_01673,12.654570579528809
test_01674,514.9150390625
test_01675,11.971247673034668
test_01676,8.259418487548828
test_01677,77.25486755371094
test_01678,8.165899276733398
test_01679,59.524444580078125
test_01680,87.58090209960938
test_01681,12.334789276123047
test_01682,8.844549179077148
test_01683,62.888633728027344
test_01684,9.014669418334961
test_01685,7.7900285720825195
test_01686,9.986221313476562
test_01687,117.24496459960938
test_01688,148.47860717773438
test_01689,164.39788818359375
test_01690,249.38082885742188
test_01691,280.03668212890625
test_01692,7.924707412719727
test_01693,84.69180297851562
test_01694,148.87429809570312
test_01695,8.249629020690918
test_01696,46.06233215332031
test_01697,87.03472900390625
test_01698,21.148698806762695
test_01699,35.02025604248047
test_01700,10.95457649230957
test_01701,21.391056060791016
test_01702,69.45692443847656
test_01703,9.163952827453613
test_01704,164.57176208496094
test_01705,184.82998657226562
test_01706,342.782470703125
test_01707,84.22796630859375
test_01708,54.830238342285156
test_01709,50.63346862792969
test_01710,7.011842727661133
test_01711,9.326770782470703
test_01712,7.176845550537109
test_01713,16.255403518676758
test_01714,95.37117004394531
test_01715,8.577096939086914
test_01716,114.1411361694336
test_01717,256.8780212402344
test_01718,355.8287048339844
test_01719,90.74203491210938
test_01720,58.33119583129883
test_01721,53.04230880737305
test_01722,119.72508239746094
test_01723,62.9923210144043
test_01724,8.401451110839844
test_01725,36.75212097167969
test_01726,54.77925109863281
test_01727,11.106505393981934
test_01728,63.57154083251953
test_01729,13.6858491897583
test_01730,12.3416166305542
test_01731,91.21607208251953
test_01732,81.9941177368164
test_01733,10.520576477050781
test_01734,10.32977294921875
test_01735,70.5955810546875
test_01736,128.20932006835938
test_01737,82.93658447265625
test_01738,17.177127838134766
test_01739,18.695938110351562
test_01740,57.841854095458984
test_01741,58.49839782714844
test_01742,44.846107482910156
test_01743,131.10891723632812
test_01744,120.56908416748047
test_01745,67.96014404296875
test_01746,96.76483154296875
test_01747,14.475954055786133
test_01748,29.18494415283203
test_01749,39.184837341308594
test_01750,73.03141021728516
test_01751,85.68760681152344
test_01752,20.998737335205078
test_01753,11.231513977050781
test_01754,53.78471374511719
test_01755,64.30120086669922
test_01756,74.51455688476562
test_01757,73.25942993164062
test_01758,71.49232482910156
test_01759,47.65373992919922
test_01760,236.9571533203125
test_01761,218.9307861328125
test_01762,16.96715545654297
test_01763,9.736383438110352
test_01764,23.96722984313965
test_01765,49.7813720703125
test_01766,16.113494873046875
test_01767,19.79633140563965
test_01768,67.21244812011719
test_01769,28.309608459472656
test_01770,57.14078140258789
test_01771,201.74618530273438
test_01772,20.552467346191406
test_01773,40.185157775878906
test_01774,63.094032287597656
test_01775,55.954795837402344
test_01776,42.250064849853516
test_01777,59.51334762573242
test_01778,89.55738067626953
test_01779,96.1466293334961
test_01780,91.20075225830078
test_01781,46.23410415649414
test_01782,83.14671325683594
test_01783,32.84807586669922
test_01784,9.911401748657227
test_01785,11.53200626373291
test_01786,60.644290924072266
test_01787,18.497861862182617
test_01788,95.52139282226562
test_01789,39.39763641357422
test_01790,48.33961486816406
test_01791,65.28549194335938
test_01792,55.685791015625
test_01793,72.39219665527344
test_01794,118.6306381225586
test_01795,91.38743591308594
test_01796,251.0343017578125
test_01797,50.29639434814453
test_01798,10.56755256652832
test_01799,40.623077392578125
test_01800,27.525562286376953
test_01801,55.87470245361328
test_01802,9.504485130310059
test_01803,30.412994384765625
test_01804,30.33306884765625
test_01805,36.579551696777344
test_01806,84.99934387207031
test_01807,106.39642333984375
test_01808,115.46319580078125
test_01809,80.53330993652344
test_01810,21.059839248657227
test_01811,10.632287979125977
test_01812,10.82003402709961
test_01813,39.001155853271484
test_01814,93.07459259033203
test_01815,98.41545867919922
test_01816,111.76927185058594
test_01817,59.82396697998047
test_01818,31.514759063720703
test_01819,40.00910949707031
test_01820,109.81049346923828
test_01821,55.77564239501953
test_01822,101.40962982177734
test_01823,91.70670318603516
test_01824,68.7655258178711
test_01825,104.89369201660156
test_01826,113.88627624511719
test_01827,85.98892211914062
test_01828,74.1737060546875
test_01829,13.964998245239258
test_01830,47.68973922729492
test_01831,23.718704223632812
test_01832,27.093360900878906
test_01833,77.086669921875
test_01834,117.68537902832031
test_01835,56.05950927734375
test_01836,12.524590492248535
test_01837,24.101165771484375
test_01838,57.2489013671875
test_01839,146.80145263671875
test_01840,136.57061767578125
test_01841,34.922332763671875
test_01842,42.54087829589844
test_01843,14.246891021728516
test_01844,87.07823181152344
test_01845,122.11920166015625
test_01846,52.37005615234375
test_01847,77.41412353515625
test_01848,71.77975463867188
test_01849,26.494396209716797
test_01850,39.055076599121094
test_01851,79.17483520507812
test_01852,96.39102935791016
test_01853,21.55968475341797
test_01854,42.82634735107422
test_01855,46.119117736816406
test_01856,67.38748168945312
test_01857,106.27444458007812
test_01858,51.139122009277344
test_01859,41.31226348876953
test_01860,14.33553695678711
test_01861,11.500747680664062
test_01862,25.20645523071289
test_01863,73.8489990234375
test_01864,60.483856201171875
test_01865,24.461402893066406
test_01866,62.98223876953125
test_01867,76.2320556640625
test_01868,47.3491325378418
test_01869,98.7926025390625
test_01870,94.8798599243164
test_01871,7.436676502227783
test_01872,9.151344299316406
test_01873,9.341548919677734
test_01874,11.91757583618164
test_01875,26.559478759765625
test_01876,15.054262161254883
test_01877,6.997318267822266
test_01878,22.802947998046875
test_01879,13.164047241210938
test_01880,142.2869415283203
test_01881,15.535619735717773
test_01882,52.648014068603516
test_01883,9.827871322631836
test_01884,8.736391067504883
test_01885,12.49357795715332
test_01886,30.31749725341797
test_01887,38.880218505859375
test_01888,96.81729125976562
test_01889,57.368553161621094
test_01890,168.25820922851562
test_01891,62.770408630371094
test_01892,23.040565490722656
test_01893,14.51163387298584
test_01894,21.69439697265625
test_01895,89.52751159667969
test_01896,89.76753234863281
test_01897,103.71299743652344
test_01898,204.76556396484375
test_01899,23.06562042236328
test_01900,8.784183502197266
test_01901,9.923224449157715
test_01902,194.9697265625
test_01903,185.1386260986328
test_01904,97.54133605957031
test_01905,31.129493713378906
test_01906,61.533721923828125
test_01907,58.171234130859375
test_01908,46.51068115234375
test_01909,30.565643310546875
test_01910,79.75990295410156
test_01911,163.9771728515625
test_01912,82.9569091796875
test_01913,127.0085678100586
test_01914,200.21392822265625
test_01915,263.2243957519531
test_01916,147.0872802734375
test_01917,100.44488525390625
test_01918,84.38433837890625
test_01919,200.76010131835938
test_01920,79.62393188476562
test_01921,54.81159210205078
test_01922,16.380104064941406
test_01923,16.307804107666016
test_01924,32.21794128417969
test_01925,96.9795913696289
test_01926,8.345319747924805
test_01927,36.113609313964844
test_01928,7.531949043273926
test_01929,29.179367065429688
test_01930,9.256230354309082
test_01931,8.21074104309082
test_01932,78.84175109863281
test_01933,146.59666442871094
test_01934,309.5079345703125
test_01935,233.85244750976562
test_01936,88.51172637939453
test_01937,113.20036315917969
test_01938,7.5513200759887695
test_01939,101.13803100585938
test_01940,213.95089721679688
test_01941,52.296241760253906
test_01942,76.4815673828125
test_01943,54.31321716308594
test_01944,10.137199401855469
test_01945,16.95874786376953
test_01946,79.39950561523438
test_01947,75.24828338623047
test_01948,168.8608856201172
test_01949,14.313787460327148
test_01950,56.81163787841797
test_01951,8.135466575622559
test_01952,7.669777870178223
test_01953,9.028264999389648
test_01954,91.49727630615234
test_01955,186.519775390625
test_01956,448.2564697265625
test_01957,13.688003540039062
test_01958,124.22755432128906
test_01959,145.4156494140625
test_01960,8.809082984924316
test_01961,69.9830551147461
test_01962,99.83399963378906
test_01963,353.4713439941406
test_01964,145.9593505859375
test_01965,39.343421936035156
test_01966,68.27690124511719
test_01967,188.05239868164062
test_01968,8.061192512512207
test_01969,23.14324951171875
test_01970,110.87167358398438
test_01971,238.10098266601562
test_01972,10.084177017211914
test_01973,7.669619083404541
test_01974,96.19178771972656
test_01975,162.43521118164062
test_01976,272.1893310546875
test_01977,212.83816528320312
test_01978,525.6425170898438
test_01979,465.96136474609375
test_01980,11.032742500305176
test_01981,98.94349670410156
test_01982,170.66961669921875
test_01983,164.05857849121094
test_01984,14.296804428100586
test_01985,178.95651245117188
test_01986,9.568365097045898
test_01987,72.55987548828125
test_01988,185.55477905273438
test_01989,401.9398193359375
test_01990,18.72948455810547
test_01991,190.73190307617188
test_01992,389.98828125
test_01993,261.2374572753906
test_01994,167.67581176757812
test_01995,247.62489318847656
test_01996,16.20090103149414
test_01997,16.088787078857422
test_01998,8.835511207580566
test_01999,72.10174560546875
test_02000,103.82231140136719
test_02001,8.07036018371582
test_02002,30.06385040283203
test_02003,101.40069580078125
test_02004,129.38539123535156
test_02005,176.85296630859375
test_02006,76.177001953125
test_02007,8.63284683227539
test_02008,71.33744049072266
test_02009,13.038789749145508
test_02010,20.52920150756836
test_02011,44.198360443115234
test_02012,105.19363403320312
test_02013,227.4625244140625
test_02014,7.670446872711182
test_02015,465.38006591796875
test_02016,10.802690505981445
test_02017,11.573416709899902
test_02018,93.07398986816406
test_02019,8.81479549407959
test_02020,70.1129150390625
test_02021,110.00553894042969
test_02022,286.38922119140625
test_02023,8.886344909667969
test_02024,13.532286643981934
test_02025,74.06924438476562
test_02026,9.708267211914062
test_02027,8.618063926696777
test_02028,9.445442199707031
test_02029,158.61740112304688
test_02030,167.96282958984375
test_02031,117.93256378173828
test_02032,221.39190673828125
test_02033,288.42120361328125
test_02034,8.10986042022705
test_02035,72.8615951538086
test_02036,137.77667236328125
test_02037,8.43099594116211
test_02038,52.83066177368164
test_02039,102.42819213867188
test_02040,22.135948181152344
test_02041,30.628868103027344
test_02042,11.282262802124023
test_02043,31.189552307128906
test_02044,73.86206817626953
test_02045,8.61805534362793
test_02046,130.49172973632812
test_02047,137.0054473876953
test_02048,312.78436279296875
test_02049,61.48553466796875
test_02050,27.510604858398438
test_02051,95.44552612304688
test_02052,7.779145240783691
test_02053,9.549782752990723
test_02054,8.973033905029297
test_02055,16.550607681274414
test_02056,80.75723266601562
test_02057,9.819406509399414
test_02058,73.50621032714844
test_02059,208.941162109375
test_02060,272.60809326171875
test_02061,30.06160545349121
test_02062,56.82050323486328
test_02063,34.309661865234375
test_02064,129.4278564453125
test_02065,64.40833282470703
test_02066,8.538885116577148
test_02067,16.173053741455078
test_02068,13.384340286254883
test_02069,9.098190307617188
test_02070,26.877918243408203
test_02071,10.767946243286133
test_02072,8.617830276489258
test_02073,54.25959014892578
test_02074,81.00563049316406
test_02075,8.296951293945312
test_02076,11.333086013793945
test_02077,84.18209838867188
test_02078,86.51937866210938
test_02079,10.6566162109375
test_02080,9.41417121887207
test_02081,51.7021369934082
test_02082,46.27235794067383
test_02083,35.006103515625
test_02084,75.95624542236328
test_02085,42.03439712524414
test_02086,36.60474395751953
test_02087,79.59066772460938
test_02088,11.007019996643066
test_02089,10.846176147460938
test_02090,17.61221694946289
test_02091,46.39342498779297
test_02092,69.1200180053711
test_02093,32.78083801269531
test_02094,11.513309478759766
test_02095,31.021148681640625
test_02096,64.33861541748047
test_02097,64.91685485839844
test_02098,55.888389587402344
test_02099,67.10073852539062
test_02100,34.38475799560547
test_02101,131.673828125
test_02102,173.000732421875
test_02103,40.48199462890625
test_02104,8.274871826171875
test_02105,55.24821472167969
test_02106,53.502159118652344
test_02107,24.571611404418945
test_02108,25.59571647644043
test_02109,56.016319274902344
test_02110,24.549224853515625
test_02111,79.19435119628906
test_02112,117.48035430908203
test_02113,12.59444808959961
test_02114,30.23337745666504
test_02115,64.98185729980469
test_02116,11.297478675842285
test_02117,21.278867721557617
test_02118,71.64387512207031
test_02119,103.83326721191406
test_02120,73.45814514160156
test_02121,52.7872200012207
test_02122,31.40009117126465
test_02123,55.14060974121094
test_02124,14.664125442504883
test_02125,10.897550582885742
test_02126,12.24251937866211
test_02127,63.132503509521484
test_02128,56.67156982421875
test_02129,11.685749053955078
test_02130,67.71955871582031
test_02131,28.465301513671875
test_02132,31.225067138671875
test_02133,50.58214569091797
test_02134,51.93785858154297
test_02135,85.06829071044922
test_02136,61.440338134765625
test_02137,51.42760467529297
test_02138,68.25409698486328
test_02139,78.22982788085938
test_02140,41.41294860839844
test_02141,9.396829605102539
test_02142,53.728248596191406
test_02143,17.448923110961914
test_02144,34.604225158691406
test_02145,9.997795104980469
test_02146,12.401559829711914
test_02147,15.940256118774414
test_02148,16.85498809814453
test_02149,57.52338409423828
test_02150,78.91773986816406
test_02151,117.58406066894531
test_02152,40.76087188720703
test_02153,30.321086883544922
test_02154,8.653768539428711
test_02155,12.398857116699219
test_02156,71.64881896972656
test_02157,58.126068115234375
test_02158,34.578277587890625
test_02159,113.0989990234375
test_02160,32.23087692260742
test_02161,8.40758228302002
test_02162,46.55828857421875
test_02163,67.58761596679688
test_02164,36.67438507080078
test_02165,90.87550354003906
test_02166,111.67005920410156
test_02167,65.8984603881836
test_02168,40.84919738769531
test_02169,125.19303894042969
test_02170,102.68991088867188
test_02171,87.90730285644531
test_02172,11.094085693359375
test_02173,36.8033447265625
test_02174,30.41318702697754
test_02175,16.212574005126953
test_02176,42.49913787841797
test_02177,86.9636459350586
test_02178,73.30485534667969
test_02179,11.399677276611328
test_02180,12.252092361450195
test_02181,74.18447875976562
test_02182,113.58430480957031
test_02183,110.16040802001953
test_02184,35.997642517089844
test_02185,24.87656021118164
test_02186,18.345745086669922
test_02187,178.89260864257812
test_02188,41.469932556152344
test_02189,36.79523468017578
test_02190,50.17159652709961
test_02191,35.36500549316406
test_02192,65.06362915039062
test_02193,67.67465209960938
test_02194,104.86959838867188
test_02195,12.894728660583496
test_02196,17.538818359375
test_02197,27.063854217529297
test_02198,132.53857421875
test_02199,120.5118408203125
test_02200,16.713977813720703
test_02201,14.477437019348145
test_02202,8.366853713989258
test_02203,11.456106185913086
test_02204,25.296051025390625
test_02205,52.10258483886719
test_02206,50.72663879394531
test_02207,16.23659896850586
test_02208,42.30570983886719
test_02209,63.81001281738281
test_02210,47.29938507080078
test_02211,64.09147644042969
test_02212,94.730712890625
test_02213,7.921065330505371
test_02214,10.691162109375
test_02215,10.055891990661621
test_02216,10.537638664245605
test_02217,13.573892593383789
test_02218,16.385738372802734
test_02219,7.763558387756348
test_02220,10.994803428649902
test_02221,11.354780197143555
test_02222,108.9337387084961
test_02223,32.76414489746094
test_02224,11.47608757019043
test_02225,39.84844207763672
test_02226,10.372644424438477
test_02227,8.192630767822266
test_02228,8.692554473876953
test_02229,16.980932235717773
test_02230,29.74956512451172
test_02231,107.93334197998047
test_02232,90.50485229492188
test_02233,52.86878967285156
test_02234,22.813753128051758
test_02235,15.575942993164062
test_02236,11.237053871154785
test_02237,17.43790054321289
test_02238,79.45742797851562
test_02239,134.3209228515625
test_02240,16.153100967407227
test_02241,132.9569091796875
test_02242,17.067424774169922
test_02243,7.786360263824463
test_02244,8.255951881408691
test_02245,19.152339935302734
test_02246,197.4078369140625
test_02247,144.20895385742188
test_02248,48.59912109375
test_02249,29.6939697265625
test_02250,77.70939636230469
test_02251,82.34898376464844
test_02252,39.8355827331543
test_02253,9.373467445373535
test_02254,65.67127990722656
test_02255,122.82090759277344
test_02256,76.36460876464844
test_02257,104.66046142578125
test_02258,147.9344482421875
test_02259,252.76446533203125
test_02260,97.06463623046875
test_02261,66.3380126953125
test_02262,56.69837188720703
test_02263,177.70843505859375
test_02264,128.46595764160156
test_02265,33.05225372314453
test_02266,8.130531311035156
test_02267,15.725957870483398
test_02268,22.106891632080078
test_02269,7.378698825836182
test_02270,33.38785934448242
test_02271,6.95467472076416
test_02272,30.26456069946289
test_02273,7.787992477416992
test_02274,8.238739013671875
test_02275,70.07024383544922
test_02276,137.31488037109375
test_02277,290.426513671875
test_02278,206.229736328125
test_02279,166.74026489257812
test_02280,67.85221862792969
test_02281,10.530179977416992
test_02282,43.901512145996094
test_02283,166.17755126953125
test_02284,68.5941162109375
test_02285,61.29117965698242
test_02286,52.479713439941406
test_02287,53.40195083618164
test_02288,13.225789070129395
test_02289,69.4415283203125
test_02290,133.25897216796875
test_02291,180.0596160888672
test_02292,16.886337280273438
test_02293,45.578895568847656
test_02294,6.6942853927612305
test_02295,9.411855697631836
test_02296,9.473201751708984
test_02297,82.47862243652344
test_02298,100.68991088867188
test_02299,199.3939208984375
test_02300,30.349063873291016
test_02301,56.6472282409668
test_02302,84.53193664550781
test_02303,9.319229125976562
test_02304,29.784378051757812
test_02305,64.83731842041016
test_02306,276.2390441894531
test_02307,100.08415985107422
test_02308,9.444382667541504
test_02309,45.33750534057617
test_02310,135.7974853515625
test_02311,10.24628734588623
test_02312,14.021050453186035
test_02313,46.893951416015625
test_02314,203.56787109375
test_02315,9.808103561401367
test_02316,10.904309272766113
test_02317,8.841035842895508
test_02318,24.115604400634766
test_02319,68.68860626220703
test_02320,105.69158172607422
test_02321,78.31808471679688
test_02322,371.4432373046875
test_02323,394.6514892578125
test_02324,12.577960968017578
test_02325,40.50236892700195
test_02326,145.39212036132812
test_02327,158.0474853515625
test_02328,17.665708541870117
test_02329,57.82371520996094
test_02330,21.923582077026367
test_02331,46.545623779296875
test_02332,128.3217010498047
test_02333,306.87957763671875
test_02334,277.9373779296875
test_02335,147.39418029785156
test_02336,87.96867370605469
test_02337,249.60971069335938
test_02338,138.07217407226562
test_02339,150.46726989746094
test_02340,30.930938720703125
test_02341,10.91897201538086
test_02342,7.80840539932251
test_02343,55.06863784790039
test_02344,15.907209396362305
test_02345,12.454289436340332
test_02346,11.377095222473145
test_02347,88.27251434326172
test_02348,141.662353515625
test_02349,158.29220581054688
test_02350,41.419578552246094
test_02351,7.304479598999023
test_02352,42.355987548828125
test_02353,9.152606964111328
test_02354,10.152982711791992
test_02355,23.088348388671875
test_02356,87.5002212524414
test_02357,186.78411865234375
test_02358,9.11235237121582
test_02359,219.48553466796875
test_02360,9.512070655822754
test_02361,11.685096740722656
test_02362,69.82537841796875
test_02363,8.733026504516602
test_02364,37.910770416259766
test_02365,57.73741912841797
test_02366,237.45388793945312
test_02367,10.905069351196289
test_02368,7.688705921173096
test_02369,90.8802490234375
test_02370,7.898047924041748
test_02371,7.534955024719238
test_02372,8.80332088470459
test_02373,126.301025390625
test_02374,94.543212890625
test_02375,127.78204345703125
test_02376,222.79991149902344
test_02377,234.56655883789062
test_02378,7.0504655838012695
test_02379,26.4437255859375
test_02380,104.40802764892578
test_02381,7.649745941162109
test_02382,23.49530029296875
test_02383,93.49750518798828
test_02384,17.037334442138672
test_02385,22.89544677734375
test_02386,33.76029586791992
test_02387,18.501895904541016
test_02388,56.94605255126953
test_02389,10.024173736572266
test_02390,205.53125
test_02391,137.31915283203125
test_02392,396.35870361328125
test_02393,81.52078247070312
test_02394,51.74782180786133
test_02395,124.19002532958984
test_02396,8.044578552246094
test_02397,7.080880641937256
test_02398,8.88212776184082
test_02399,18.977542877197266
test_02400,99.47073364257812
test_02401,9.434347152709961
test_02402,125.3001708984375
test_02403,263.0130615234375
test_02404,287.4444885253906
test_02405,64.1490478515625
test_02406,48.634037017822266
test_02407,48.28166961669922
test_02408,123.73593139648438
test_02409,53.07063293457031
test_02410,11.623296737670898
test_02411,32.96372604370117
test_02412,32.88568878173828
test_02413,11.081253051757812
test_02414,48.43639373779297
test_02415,11.971234321594238
test_02416,10.19455623626709
test_02417,116.48907470703125
test_02418,94.66004943847656
test_02419,8.559797286987305
test_02420,14.406658172607422
test_02421,68.80844116210938
test_02422,95.51808166503906
test_02423,103.3989028930664
test_02424,25.17749786376953
test_02425,11.24146556854248
test_02426,57.25176239013672
test_02427,59.13591003417969
test_02428,37.493309020996094
test_02429,89.23770141601562
test_02430,60.40549850463867
test_02431,37.44287872314453
test_02432,88.11871337890625
test_02433,9.06746768951416
test_02434,11.321606636047363
test_02435,26.9919376373291
test_02436,60.965354919433594
test_02437,78.55272674560547
test_02438,50.979949951171875
test_02439,25.7869873046875
test_02440,65.74105834960938
test_02441,69.81948852539062
test_02442,78.35084533691406
test_02443,90.27800750732422
test_02444,102.76343536376953
test_02445,62.4422492980957
test_02446,142.73919677734375
test_02447,194.44171142578125
test_02448,34.74974822998047
test_02449,8.513445854187012
test_02450,26.69619369506836
test_02451,46.83868408203125
test_02452,18.50604820251465
test_02453,25.88490867614746
test_02454,114.98530578613281
test_02455,22.580549240112305
test_02456,44.71173095703125
test_02457,148.64505004882812
test_02458,14.064645767211914
test_02459,33.985984802246094
test_02460,56.59241485595703
test_02461,34.9194221496582
test_02462,41.98480987548828
test_02463,51.565914154052734
test_02464,78.08797454833984
test_02465,123.79454803466797
test_02466,91.47270202636719
test_02467,80.138916015625
test_02468,81.97763061523438
test_02469,48.29828643798828
test_02470,11.035158157348633
test_02471,17.440860748291016
test_02472,84.41047668457031
test_02473,35.839111328125
test_02474,8.299341201782227
test_02475,100.14608764648438
test_02476,39.00996017456055
test_02477,30.4881534576416
test_02478,43.78466796875
test_02479,91.2765121459961
test_02480,70.08267211914062
test_02481,64.76817321777344
test_02482,128.331787109375
test_02483,90.47383117675781
test_02484,176.88552856445312
test_02485,44.36408996582031
test_02486,9.64028549194336
test_02487,62.16230010986328
test_02488,76.57179260253906
test_02489,63.25352096557617
test_02490,12.653116226196289
test_02491,26.88955307006836
test_02492,31.895198822021484
test_02493,45.726966857910156
test_02494,120.77479553222656
test_02495,83.41641235351562
test_02496,179.40545654296875
test_02497,62.42487335205078
test_02498,132.747802734375
test_02499,9.533517837524414
test_02500,13.904664993286133
test_02501,29.06924057006836
test_02502,68.03407287597656
test_02503,95.58401489257812
test_02504,106.78752136230469
test_02505,52.583831787109375
test_02506,36.352787017822266
test_02507,44.10661697387695
test_02508,133.01626586914062
test_02509,60.544044494628906
test_02510,91.59431457519531
test_02511,76.95683288574219
test_02512,69.30107116699219
test_02513,72.0657958984375
test_02514,117.92654418945312
test_02515,86.00736999511719
test_02516,67.82766723632812
test_02517,18.24195098876953
test_02518,56.93247604370117
test_02519,34.52776336669922
test_02520,28.957077026367188
test_02521,60.784385681152344
test_02522,97.96537017822266
test_02523,91.75968933105469
test_02524,13.981660842895508
test_02525,40.075355529785156
test_02526,68.94178771972656
test_02527,140.76361083984375
test_02528,127.75961303710938
test_02529,24.450992584228516
test_02530,46.460174560546875
test_02531,13.707149505615234
test_02532,129.2781524658203
test_02533,121.66036224365234
test_02534,31.40605926513672
test_02535,60.64967727661133
test_02536,168.90042114257812
test_02537,94.82380676269531
test_02538,107.65213775634766
test_02539,71.67398071289062
test_02540,140.32565307617188
test_02541,22.829952239990234
test_02542,49.94633102416992
test_02543,64.3197250366211
test_02544,76.1102066040039
test_02545,88.73223876953125
test_02546,52.419456481933594
test_02547,30.879581451416016
test_02548,13.724820137023926
test_02549,13.18520450592041
test_02550,31.137874603271484
test_02551,91.25297546386719
test_02552,58.74369812011719
test_02553,34.2997932434082
test_02554,71.10729217529297
test_02555,63.675254821777344
test_02556,43.925193786621094
test_02557,85.28106689453125
test_02558,100.44305419921875
test_02559,8.826467514038086
test_02560,33.51606750488281
test_02561,12.193159103393555
test_02562,23.06293487548828
test_02563,43.81237030029297
test_02564,25.462915420532227
test_02565,7.903237342834473
test_02566,10.013236999511719
test_02567,14.082013130187988
test_02568,132.7781982421875
test_02569,37.549705505371094
test_02570,10.897150039672852
test_02571,39.07206726074219
test_02572,10.673666954040527
test_02573,8.410140991210938
test_02574,11.161279678344727
test_02575,32.365379333496094
test_02576,48.11048126220703
test_02577,66.3817138671875
test_02578,58.72077560424805
test_02579,159.65138244628906
test_02580,30.85334014892578
test_02581,26.453704833984375
test_02582,12.138516426086426
test_02583,43.51771545410156
test_02584,59.24874496459961
test_02585,92.46089172363281
test_02586,108.66060638427734
test_02587,26.284652709960938
test_02588,193.47079467773438
test_02589,29.471635818481445
test_02590,8.0276517868042
test_02591,8.611167907714844
test_02592,50.44017791748047
test_02593,87.54557800292969
test_02594,218.47544860839844
test_02595,184.9777374267578
test_02596,97.32228088378906
test_02597,42.47743225097656
test_02598,60.82991409301758
test_02599,61.47969055175781
test_02600,49.80829620361328
test_02601,12.202903747558594
test_02602,50.634307861328125
test_02603,160.1748046875
test_02604,56.14183807373047
test_02605,131.92294311523438
test_02606,264.0023193359375
test_02607,117.55067443847656
test_02608,105.19315338134766
test_02609,47.266571044921875
test_02610,151.22109985351562
test_02611,31.24950408935547
test_02612,45.28953170776367
test_02613,8.27853012084961
test_02614,27.266582489013672
test_02615,59.01435089111328
test_02616,114.47321319580078
test_02617,7.20756721496582
test_02618,68.93561553955078
test_02619,7.294085502624512
test_02620,28.99622344970703
test_02621,8.968473434448242
test_02622,9.976618766784668
test_02623,75.87682342529297
test_02624,161.73614501953125
test_02625,296.57318115234375
test_02626,255.69937133789062
test_02627,108.85890197753906
test_02628,109.34004211425781
test_02629,8.187074661254883
test_02630,93.83654022216797
test_02631,230.67152404785156
test_02632,38.141048431396484
test_02633,69.67018127441406
test_02634,59.59203338623047
test_02635,11.499279022216797
test_02636,16.603282928466797
test_02637,91.659912109375
test_02638,65.7677993774414
test_02639,187.95919799804688
test_02640,16.72604751586914
test_02641,75.76117706298828
test_02642,7.707501411437988
test_02643,7.7134222984313965
test_02644,9.688223838806152
test_02645,91.53699493408203
test_02646,211.71694946289062
test_02647,260.658203125
test_02648,15.033088684082031
test_02649,154.59173583984375
test_02650,112.22398376464844
test_02651,10.070829391479492
test_02652,128.57135009765625
test_02653,220.48980712890625
test_02654,489.18121337890625
test_02655,64.08211517333984
test_02656,40.63566589355469
test_02657,137.17303466796875
test_02658,222.2783660888672
test_02659,8.213667869567871
test_02660,19.71051788330078
test_02661,187.0653076171875
test_02662,229.77313232421875
test_02663,8.738903045654297
test_02664,10.852994918823242
test_02665,8.087772369384766
test_02666,88.34294128417969
test_02667,266.72772216796875
test_02668,211.15353393554688
test_02669,260.717529296875
test_02670,367.3212890625
test_02671,401.5106506347656
test_02672,11.738456726074219
test_02673,92.2646713256836
test_02674,144.62307739257812
test_02675,196.03790283203125
test_02676,13.293365478515625
test_02677,136.0988311767578
test_02678,11.41896915435791
test_02679,374.2472229003906
test_02680,350.82598876953125
test_02681,138.9180908203125
test_02682,332.7122802734375
test_02683,498.0288391113281
test_02684,267.52581787109375
test_02685,248.4043731689453
test_02686,161.3602294921875
test_02687,12.923456192016602
test_02688,10.029220581054688
test_02689,8.108762741088867
test_02690,13.876121520996094
test_02691,65.1041259765625
test_02692,8.306594848632812
test_02693,32.41148376464844
test_02694,77.01821899414062
test_02695,140.6878662109375
test_02696,185.55992126464844
test_02697,66.3280258178711
test_02698,7.626943588256836
test_02699,72.99960327148438
test_02700,8.786138534545898
test_02701,22.379703521728516
test_02702,142.0963134765625
test_02703,202.63926696777344
test_02704,320.4726257324219
test_02705,8.994332313537598
test_02706,384.26226806640625
test_02707,9.831649780273438
test_02708,7.328559875488281
test_02709,107.87383270263672
test_02710,7.895873069763184
test_02711,48.416038513183594
test_02712,79.86061096191406
test_02713,284.3587646484375
test_02714,9.125744819641113
test_02715,9.962718963623047
test_02716,54.48564147949219
test_02717,7.811610221862793
test_02718,7.818968772888184
test_02719,8.535598754882812
test_02720,88.189453125
test_02721,140.097412109375
test_02722,184.13662719726562
test_02723,260.2685546875
test_02724,292.997802734375
test_02725,7.7900614738464355
test_02726,85.75245666503906
test_02727,186.21047973632812
test_02728,8.83332633972168
test_02729,49.83283996582031
test_02730,15.619464874267578
test_02731,36.686893463134766
test_02732,21.230304718017578
test_02733,21.94124984741211
test_02734,98.78466796875
test_02735,8.055514335632324
test_02736,210.25608825683594
test_02737,415.72308349609375
test_02738,46.29673767089844
test_02739,35.6122932434082
test_02740,122.604248046875
test_02741,7.3564653396606445
test_02742,7.405629634857178
test_02743,12.655254364013672
test_02744,8.513707160949707
test_02745,218.5135040283203
test_02746,77.13826751708984
test_02747,319.39385986328125
test_02748,265.88201904296875
test_02749,52.706825256347656
test_02750,49.37388610839844
test_02751,38.656280517578125
test_02752,130.2769317626953
test_02753,68.74391174316406
test_02754,10.499504089355469
test_02755,38.34315490722656
test_02756,61.48487091064453
test_02757,18.26541519165039
test_02758,50.20133972167969
test_02759,10.002235412597656
test_02760,10.845451354980469
test_02761,114.96217346191406
test_02762,136.27020263671875
test_02763,14.177037239074707
test_02764,15.290847778320312
test_02765,76.71549987792969
test_02766,98.71904754638672
test_02767,49.80937576293945
test_02768,10.101200103759766
test_02769,85.80622863769531
test_02770,53.29131317138672
test_02771,43.688682556152344
test_02772,108.5030288696289
test_02773,20.171051025390625
test_02774,30.57391357421875
test_02775,103.42015075683594
test_02776,18.925960540771484
test_02777,32.301513671875
test_02778,59.173030853271484
test_02779,73.13421630859375
test_02780,34.51258850097656
test_02781,12.417440414428711
test_02782,44.80999755859375
test_02783,58.87440490722656
test_02784,69.08467864990234
test_02785,86.47952270507812
test_02786,73.67233276367188
test_02787,52.282676696777344
test_02788,160.78240966796875
test_02789,212.84471130371094
test_02790,9.307613372802734
test_02791,45.62871551513672
test_02792,15.06129264831543
test_02793,14.690046310424805
test_02794,54.19622802734375
test_02795,16.55541229248047
test_02796,33.88701629638672
test_02797,129.00563049316406
test_02798,21.31271743774414
test_02799,35.337860107421875
test_02800,71.89077758789062
test_02801,25.849727630615234
test_02802,45.530677795410156
test_02803,49.94355010986328
test_02804,90.87301635742188
test_02805,101.48306274414062
test_02806,59.993499755859375
test_02807,36.68675231933594
test_02808,59.42079162597656
test_02809,23.026290893554688
test_02810,15.965873718261719
test_02811,10.90628433227539
test_02812,95.10200500488281
test_02813,48.3012580871582
test_02814,8.884255409240723
test_02815,84.58369445800781
test_02816,33.61316680908203
test_02817,25.66115379333496
test_02818,39.48240661621094
test_02819,69.36831665039062
test_02820,97.31501770019531
test_02821,48.41890335083008
test_02822,143.17526245117188
test_02823,80.23658752441406
test_02824,165.36639404296875
test_02825,42.880943298339844
test_02826,8.236328125
test_02827,66.2590560913086
test_02828,41.413185119628906
test_02829,52.917930603027344
test_02830,13.639570236206055
test_02831,14.376187324523926
test_02832,21.014205932617188
test_02833,22.20431137084961
test_02834,74.97254943847656
test_02835,81.82656860351562
test_02836,147.43960571289062
test_02837,50.498741149902344
test_02838,171.76388549804688
test_02839,12.171760559082031
test_02840,22.1700382232666
test_02841,65.73111724853516
test_02842,93.138671875
test_02843,62.885223388671875
test_02844,97.07844543457031
test_02845,42.98316955566406
test_02846,11.53675651550293
test_02847,91.76046752929688
test_02848,117.52703857421875
test_02849,112.75331115722656
test_02850,45.35460662841797
test_02851,52.40135955810547
test_02852,129.55743408203125
test_02853,87.48873901367188
test_02854,85.90087890625
test_02855,14.05809497833252
test_02856,35.79445266723633
test_02857,32.9066276550293
test_02858,21.61191177368164
test_02859,71.49172973632812
test_02860,77.88006591796875
test_02861,14.029594421386719
test_02862,22.631778717041016
test_02863,72.50957489013672
test_02864,83.14227294921875
test_02865,114.9332275390625
test_02866,37.290489196777344
test_02867,49.31399154663086
test_02868,13.461524963378906
test_02869,99.61717987060547
test_02870,178.6073760986328
test_02871,41.23979187011719
test_02872,55.70606231689453
test_02873,73.78282165527344
test_02874,107.36824035644531
test_02875,168.75106811523438
test_02876,69.14035034179688
test_02877,105.32040405273438
test_02878,20.860610961914062
test_02879,16.49488067626953
test_02880,39.47389221191406
test_02881,89.37687683105469
test_02882,100.24363708496094
test_02883,51.38129425048828
test_02884,22.059444427490234
test_02885,9.581327438354492
test_02886,15.913663864135742
test_02887,42.03461456298828
test_02888,67.03656005859375
test_02889,34.96311950683594
test_02890,24.525869369506836
test_02891,22.74320411682129
test_02892,53.957054138183594
test_02893,86.87678527832031
test_02894,73.50254821777344
test_02895,148.44940185546875
test_02896,8.13642692565918
test_02897,23.546733856201172
test_02898,8.460390090942383
test_02899,11.2789306640625
test_02900,17.325939178466797
test_02901,24.681724548339844
test_02902,8.487915992736816
test_02903,9.452366828918457
test_02904,11.579206466674805
test_02905,28.084976196289062
test_02906,12.013225555419922
test_02907,32.70677185058594
test_02908,8.20711898803711
test_02909,9.088942527770996
test_02910,9.118185997009277
test_02911,22.019577026367188
test_02912,33.559898376464844
test_02913,90.60173034667969
test_02914,158.04684448242188
test_02915,22.884811401367188
test_02916,18.38467788696289
test_02917,12.124176025390625
test_02918,30.902523040771484
test_02919,38.57270050048828
test_02920,57.422447204589844
test_02921,122.52449035644531
test_02922,15.347647666931152
test_02923,174.60240173339844
test_02924,26.918048858642578
test_02925,7.898942470550537
test_02926,8.954601287841797
test_02927,35.05467224121094
test_02928,74.1651611328125
test_02929,214.07867431640625
test_02930,161.2462615966797
test_02931,36.31348419189453
test_02932,50.533119201660156
test_02933,80.56714630126953
test_02934,88.82329559326172
test_02935,79.44939422607422
test_02936,14.468232154846191
test_02937,40.49702835083008
test_02938,152.18582153320312
test_02939,87.96560668945312
test_02940,121.56187438964844
test_02941,201.7020263671875
test_02942,174.41616821289062
test_02943,138.62115478515625
test_02944,77.13980102539062
test_02945,51.921356201171875
test_02946,162.15635681152344
test_02947,87.32601928710938
test_02948,30.421451568603516
test_02949,7.766727447509766
test_02950,14.55398941040039
test_02951,35.66836166381836
test_02952,59.225364685058594
test_02953,7.185318946838379
test_02954,7.467172622680664
test_02955,22.834266662597656
test_02956,13.707252502441406
test_02957,7.4392218589782715
test_02958,75.94146728515625
test_02959,138.6859588623047
test_02960,277.55438232421875
test_02961,144.11065673828125
test_02962,108.68894958496094
test_02963,90.86361694335938
test_02964,7.411984443664551
test_02965,77.59378051757812
test_02966,157.84243774414062
test_02967,93.95148468017578
test_02968,45.9508056640625
test_02969,54.462135314941406
test_02970,52.16626739501953
test_02971,9.426926612854004
test_02972,80.66252899169922
test_02973,129.63133239746094
test_02974,170.08499145507812
test_02975,36.64386749267578
test_02976,64.0827407836914
test_02977,7.195234775543213
test_02978,7.078595161437988
test_02979,8.583148002624512
test_02980,91.06431579589844
test_02981,143.46292114257812
test_02982,237.288818359375
test_02983,12.425771713256836
test_02984,73.3377685546875
test_02985,114.74887084960938
test_02986,8.405924797058105
test_02987,61.315765380859375
test_02988,132.97271728515625
test_02989,454.9166259765625
test_02990,270.58502197265625
test_02991,57.057891845703125
test_02992,44.664241790771484
test_02993,136.3945770263672
test_02994,10.056604385375977
test_02995,13.045562744140625
test_02996,64.67066955566406
test_02997,195.14398193359375
test_02998,9.161582946777344
test_02999,7.944729804992676
test_03000,8.32379150390625
test_03001,44.33635711669922
test_03002,216.6071014404297
test_03003,101.98007202148438
test_03004,83.86986541748047
test_03005,364.3166809082031
test_03006,427.33551025390625
test_03007,16.319177627563477
test_03008,56.01591491699219
test_03009,137.3374786376953
test_03010,195.69189453125
test_03011,8.465572357177734
test_03012,125.84283447265625
test_03013,8.361367225646973
test_03014,161.95521545410156
test_03015,201.521484375
test_03016,363.4908447265625
test_03017,339.7852783203125
test_03018,194.12026977539062
test_03019,431.235595703125
test_03020,278.4484558105469
test_03021,242.525390625
test_03022,178.42532348632812
test_03023,19.255386352539062
test_03024,8.264723777770996
test_03025,8.372892379760742
test_03026,36.83807373046875
test_03027,28.756614685058594
test_03028,8.148263931274414
test_03029,30.761585235595703
test_03030,66.38888549804688
test_03031,122.32762908935547
test_03032,201.08065795898438
test_03033,88.62149047851562
test_03034,7.5629987716674805
test_03035,95.01763916015625
test_03036,12.421635627746582
test_03037,11.401571273803711
test_03038,96.58436584472656
test_03039,145.49891662597656
test_03040,245.26904296875
test_03041,9.611841201782227
test_03042,473.284912109375
test_03043,8.733963012695312
test_03044,8.191150665283203
test_03045,98.68323516845703
test_03046,8.15389633178711
test_03047,30.47315788269043
test_03048,83.25703430175781
test_03049,281.8944091796875
test_03050,9.095826148986816
test_03051,13.149552345275879
test_03052,108.24597930908203
test_03053,8.409751892089844
test_03054,7.436801433563232
test_03055,8.192754745483398
test_03056,69.94689178466797
test_03057,167.03118896484375
test_03058,192.52951049804688
test_03059,276.27496337890625
test_03060,264.62646484375
test_03061,7.857964515686035
test_03062,72.87557983398438
test_03063,157.36199951171875
test_03064,7.903783321380615
test_03065,64.71409606933594
test_03066,85.18951416015625
test_03067,19.098464965820312
test_03068,21.601634979248047
test_03069,14.059784889221191
test_03070,15.924833297729492
test_03071,102.51779174804688
test_03072,9.242450714111328
test_03073,186.61770629882812
test_03074,147.24337768554688
test_03075,87.83744812011719
test_03076,43.754432678222656
test_03077,117.11419677734375
test_03078,7.737354755401611
test_03079,6.912545204162598
test_03080,9.385614395141602
test_03081,14.313105583190918
test_03082,98.40968322753906
test_03083,8.924880027770996
test_03084,98.64590454101562
test_03085,283.4803466796875
test_03086,280.7548828125
test_03087,67.0252914428711
test_03088,42.568450927734375
test_03089,48.81809997558594
test_03090,118.56035614013672
test_03091,56.693416595458984
test_03092,9.836355209350586
test_03093,37.199485778808594
test_03094,35.93260955810547
test_03095,16.20077133178711
test_03096,51.38646697998047
test_03097,9.753299713134766
test_03098,11.015853881835938
test_03099,120.73539733886719
test_03100,78.21267700195312
test_03101,10.158330917358398
test_03102,8.54909610748291
test_03103,107.84089660644531
test_03104,138.87060546875
test_03105,111.28499603271484
test_03106,33.761474609375
test_03107,18.54598045349121
test_03108,80.40181732177734
test_03109,72.88762664794922
test_03110,46.59945297241211
test_03111,78.14128112792969
test_03112,73.0389175415039
test_03113,35.031761169433594
test_03114,104.98756408691406
test_03115,12.708629608154297
test_03116,26.90007781982422
test_03117,64.88841247558594
test_03118,87.55812072753906
test_03119,10.79466438293457
test_03120,42.16819763183594
test_03121,54.139373779296875
test_03122,60.48857116699219
test_03123,62.2202033996582
test_03124,98.6383285522461
test_03125,58.21795654296875
test_03126,159.0959014892578
test_03127,22.55786895751953
test_03128,9.387336730957031
test_03129,12.194923400878906
test_03130,49.19288635253906
test_03131,22.3277530670166
test_03132,21.78598976135254
test_03133,64.04788208007812
test_03134,20.274429321289062
test_03135,39.95408630371094
test_03136,111.19640350341797
test_03137,22.636436462402344
test_03138,39.355186462402344
test_03139,52.758033752441406
test_03140,43.27503967285156
test_03141,46.37723159790039
test_03142,45.71841812133789
test_03143,74.5046157836914
test_03144,107.01841735839844
test_03145,82.03903198242188
test_03146,81.69085693359375
test_03147,80.26014709472656
test_03148,50.44746780395508
test_03149,11.701805114746094
test_03150,22.439918518066406
test_03151,82.48451232910156
test_03152,39.832481384277344
test_03153,12.292162895202637
test_03154,96.582763671875
test_03155,32.52067947387695
test_03156,32.022804260253906
test_03157,48.2161865234375
test_03158,84.38605499267578
test_03159,62.63568878173828
test_03160,80.55120849609375
test_03161,118.11282348632812
test_03162,88.13148498535156
test_03163,194.09718322753906
test_03164,47.009037017822266
test_03165,8.475701332092285
test_03166,74.37629699707031
test_03167,92.9595947265625
test_03168,48.911964416503906
test_03169,15.207071304321289
test_03170,27.539527893066406
test_03171,39.52492904663086
test_03172,44.70531463623047
test_03173,103.18052673339844
test_03174,96.96542358398438
test_03175,178.3336944580078
test_03176,64.93919372558594
test_03177,129.97402954101562
test_03178,8.916348457336426
test_03179,27.486713409423828
test_03180,59.369850158691406
test_03181,103.35045623779297
test_03182,106.15637969970703
test_03183,66.73235321044922
test_03184,28.07223892211914
test_03185,38.93665313720703
test_03186,106.60458374023438
test_03187,59.49225616455078
test_03188,87.903076171875
test_03189,78.01211547851562
test_03190,80.16172790527344
test_03191,70.77420043945312
test_03192,115.1217041015625
test_03193,88.8363037109375
test_03194,59.779762268066406
test_03195,28.301280975341797
test_03196,38.89439392089844
test_03197,27.9857177734375
test_03198,32.172027587890625
test_03199,99.4263916015625
test_03200,102.21780395507812
test_03201,97.25144958496094
test_03202,13.862671852111816
test_03203,38.36589813232422
test_03204,61.44154357910156
test_03205,159.10971069335938
test_03206,121.63021087646484
test_03207,27.557777404785156
test_03208,46.47847366333008
test_03209,12.985989570617676
test_03210,98.79182434082031
test_03211,124.75846862792969
test_03212,46.7870979309082
test_03213,67.68202209472656
test_03214,153.8455352783203
test_03215,94.32595825195312
test_03216,93.92002868652344
test_03217,85.19308471679688
test_03218,134.03050231933594
test_03219,21.216707229614258
test_03220,62.83830642700195
test_03221,71.48377990722656
test_03222,75.68098449707031
test_03223,50.60179901123047
test_03224,33.974342346191406
test_03225,19.136777877807617
test_03226,11.954238891601562
test_03227,32.69001770019531
test_03228,95.15721893310547
test_03229,59.77356719970703
test_03230,37.112342834472656
test_03231,66.21250915527344
test_03232,70.63143920898438
test_03233,36.623016357421875
test_03234,88.32832336425781
test_03235,116.37539672851562
test_03236,8.8812255859375
test_03237,31.216087341308594
test_03238,8.771965026855469
test_03239,22.62407112121582
test_03240,47.611846923828125
test_03241,33.19662094116211
test_03242,8.091390609741211
test_03243,15.465099334716797
test_03244,15.50000286102295
test_03245,123.65498352050781
test_03246,33.950531005859375
test_03247,16.31772232055664
test_03248,38.545745849609375
test_03249,9.903244018554688
test_03250,9.000974655151367
test_03251,11.520682334899902
test_03252,30.87252426147461
test_03253,35.63652801513672
test_03254,59.67701721191406
test_03255,78.78972625732422
test_03256,138.65127563476562
test_03257,31.81255340576172
test_03258,35.71675109863281
test_03259,15.288928985595703
test_03260,20.207210540771484
test_03261,53.211944580078125
test_03262,90.81236267089844
test_03263,86.9151611328125
test_03264,38.37786865234375
test_03265,197.01095581054688
test_03266,33.79335021972656
test_03267,9.317148208618164
test_03268,8.391593933105469
test_03269,52.880516052246094
test_03270,87.943359375
test_03271,214.53182983398438
test_03272,194.76400756835938
test_03273,101.03573608398438
test_03274,44.53080749511719
test_03275,55.22655487060547
test_03276,56.21647262573242
test_03277,50.202186584472656
test_03278,16.594146728515625
test_03279,46.34088897705078
test_03280,131.93161010742188
test_03281,60.03014373779297
test_03282,124.41462707519531
test_03283,212.56259155273438
test_03284,145.6683807373047
test_03285,122.04334259033203
test_03286,103.68277740478516
test_03287,51.400245666503906
test_03288,160.93014526367188
test_03289,35.567413330078125
test_03290,44.99162292480469
test_03291,7.986316204071045
test_03292,18.420272827148438
test_03293,57.3324089050293
test_03294,124.76722717285156
test_03295,8.054291725158691
test_03296,65.70716857910156
test_03297,7.396784782409668
test_03298,26.752307891845703
test_03299,12.480901718139648
test_03300,9.111019134521484
test_03301,67.5404052734375
test_03302,140.42361450195312
test_03303,248.10324096679688
test_03304,215.63613891601562
test_03305,105.3468017578125
test_03306,104.91889190673828
test_03307,9.467763900756836
test_03308,87.98396301269531
test_03309,190.70388793945312
test_03310,107.59449768066406
test_03311,60.70201873779297
test_03312,56.086585998535156
test_03313,23.00278091430664
test_03314,15.388702392578125
test_03315,81.6314697265625
test_03316,68.01873779296875
test_03317,197.21542358398438
test_03318,18.659692764282227
test_03319,65.97834777832031
test_03320,7.610235214233398
test_03321,7.898163795471191
test_03322,30.740488052368164
test_03323,96.415771484375
test_03324,212.09854125976562
test_03325,290.6398620605469
test_03326,18.485368728637695
test_03327,114.8519515991211
test_03328,149.83531188964844
test_03329,8.582759857177734
test_03330,113.119384765625
test_03331,239.40451049804688
test_03332,396.0140686035156
test_03333,77.45817565917969
test_03334,36.82154846191406
test_03335,127.83558654785156
test_03336,222.61203002929688
test_03337,8.123661994934082
test_03338,31.896591186523438
test_03339,170.23663330078125
test_03340,230.91493225097656
test_03341,9.575401306152344
test_03342,12.455086708068848
test_03343,8.100540161132812
test_03344,215.887451171875
test_03345,271.9035339355469
test_03346,217.64559936523438
test_03347,224.05970764160156
test_03348,361.7075500488281
test_03349,401.3730773925781
test_03350,13.940927505493164
test_03351,81.50567626953125
test_03352,130.410888671875
test_03353,181.69866943359375
test_03354,13.913389205932617
test_03355,149.2473907470703
test_03356,13.538208961486816
test_03357,296.550048828125
test_03358,293.4156494140625
test_03359,342.9664306640625
test_03360,118.32438659667969
test_03361,331.5608215332031
test_03362,496.50531005859375
test_03363,250.60340881347656
test_03364,171.9728546142578
test_03365,208.92352294921875
test_03366,17.511455535888672
test_03367,11.872244834899902
test_03368,8.073272705078125
test_03369,80.91291046142578
test_03370,88.02610778808594
test_03371,10.75683879852295
test_03372,25.697959899902344
test_03373,73.53303527832031
test_03374,43.363128662109375
test_03375,159.96371459960938
test_03376,64.09590148925781
test_03377,7.695383071899414
test_03378,69.30720520019531
test_03379,8.216777801513672
test_03380,22.449485778808594
test_03381,103.65512084960938
test_03382,182.07765197753906
test_03383,311.37738037109375
test_03384,8.75685977935791
test_03385,326.7543029785156
test_03386,9.619443893432617
test_03387,8.01923942565918
test_03388,105.15394592285156
test_03389,8.04024887084961
test_03390,59.852081298828125
test_03391,110.15911865234375
test_03392,321.20367431640625
test_03393,10.62326431274414
test_03394,17.3890380859375
test_03395,52.21607208251953
test_03396,10.735806465148926
test_03397,8.425613403320312
test_03398,9.067766189575195
test_03399,68.48478698730469
test_03400,124.74993896484375
test_03401,188.04891967773438
test_03402,206.3158416748047
test_03403,250.73171997070312
test_03404,7.756267547607422
test_03405,85.88587951660156
test_03406,138.81381225585938
test_03407,8.233768463134766
test_03408,48.535396575927734
test_03409,84.12353515625
test_03410,19.948036193847656
test_03411,36.38569259643555
test_03412,19.685270309448242
test_03413,18.933780670166016
test_03414,105.12982177734375
test_03415,8.515422821044922
test_03416,193.6141357421875
test_03417,214.1189727783203
test_03418,354.5714111328125
test_03419,84.51568603515625
test_03420,55.71388626098633
test_03421,103.5080337524414
test_03422,7.33742618560791
test_03423,7.798712730407715
test_03424,8.029006958007812
test_03425,15.703788757324219
test_03426,103.99701690673828
test_03427,9.0206298828125
test_03428,94.99372863769531
test_03429,243.90106201171875
test_03430,342.3345947265625
test_03431,87.04434204101562
test_03432,55.15362548828125
test_03433,49.967384338378906
test_03434,112.71379852294922
test_03435,57.29783248901367
test_03436,13.082752227783203
test_03437,25.72726058959961
test_03438,47.68644714355469
test_03439,12.765766143798828
test_03440,52.79680633544922
test_03441,12.527451515197754
test_03442,38.885887145996094
test_03443,94.43504333496094
test_03444,76.56157684326172
test_03445,11.29325008392334
test_03446,20.373519897460938
test_03447,56.252037048339844
test_03448,108.38424682617188
test_03449,94.32640075683594
test_03450,18.900972366333008
test_03451,10.914459228515625
test_03452,38.76417541503906
test_03453,50.208988189697266
test_03454,34.45578384399414
test_03455,82.63453674316406
test_03456,48.34315490722656
test_03457,26.964441299438477
test_03458,83.34184265136719
test_03459,12.394462585449219
test_03460,12.461200714111328
test_03461,41.00230026245117
test_03462,78.90846252441406
test_03463,60.662113189697266
test_03464,28.527379989624023
test_03465,10.044529914855957
test_03466,32.485076904296875
test_03467,59.134490966796875
test_03468,69.5234603881836
test_03469,80.21326446533203
test_03470,67.13070678710938
test_03471,50.907325744628906
test_03472,166.68722534179688
test_03473,193.827392578125
test_03474,23.195526123046875
test_03475,8.119024276733398
test_03476,26.45044708251953
test_03477,47.66880798339844
test_03478,16.019420623779297
test_03479,28.773717880249023
test_03480,59.074623107910156
test_03481,20.37399673461914
test_03482,40.765708923339844
test_03483,175.7876434326172
test_03484,18.95447540283203
test_03485,30.851478576660156
test_03486,53.521278381347656
test_03487,62.16087341308594
test_03488,33.476043701171875
test_03489,47.303123474121094
test_03490,85.4457778930664
test_03491,84.37460327148438
test_03492,78.95016479492188
test_03493,55.44611358642578
test_03494,93.89892578125
test_03495,58.95616912841797
test_03496,8.825145721435547
test_03497,12.818782806396484
test_03498,49.578853607177734
test_03499,40.90459442138672
test_03500,8.232248306274414
test_03501,90.44709777832031
test_03502,27.05020523071289
test_03503,42.54054641723633
test_03504,37.57280731201172
test_03505,59.72747802734375
test_03506,60.419471740722656
test_03507,74.96427917480469
test_03508,114.62593841552734
test_03509,83.05940246582031
test_03510,176.55099487304688
test_03511,63.559513092041016
test_03512,9.150598526000977
test_03513,39.686302185058594
test_03514,54.190589904785156
test_03515,61.490753173828125
test_03516,12.142486572265625
test_03517,33.973289489746094
test_03518,23.400999069213867
test_03519,29.220844268798828
test_03520,90.3084716796875
test_03521,143.59698486328125
test_03522,62.182857513427734
test_03523,38.08111572265625
test_03524,8.281091690063477
test_03525,12.782687187194824
test_03526,26.370616912841797
test_03527,74.7470474243164
test_03528,95.22756958007812
test_03529,116.56021881103516
test_03530,39.72369384765625
test_03531,21.957965850830078
test_03532,28.73931312561035
test_03533,120.95508575439453
test_03534,44.46554183959961
test_03535,84.9994888305664
test_03536,79.84646606445312
test_03537,64.3764419555664
test_03538,55.66270065307617
test_03539,111.40707397460938
test_03540,91.86181640625
test_03541,67.85354614257812
test_03542,20.536075592041016
test_03543,46.36284255981445
test_03544,35.520687103271484
test_03545,44.127601623535156
test_03546,79.22472381591797
test_03547,146.88735961914062
test_03548,58.043052673339844
test_03549,13.499202728271484
test_03550,29.83533477783203
test_03551,63.21494674682617
test_03552,172.2829132080078
test_03553,173.33404541015625
test_03554,39.276268005371094
test_03555,42.127540588378906
test_03556,12.048043251037598
test_03557,93.24736022949219
test_03558,122.01544189453125
test_03559,50.286354064941406
test_03560,64.23965454101562
test_03561,97.39979553222656
test_03562,43.7215690612793
test_03563,56.042144775390625
test_03564,64.29761505126953
test_03565,103.21987915039062
test_03566,15.58366584777832
test_03567,52.275306701660156
test_03568,59.57926940917969
test_03569,85.39195251464844
test_03570,114.02748107910156
test_03571,64.42506408691406
test_03572,23.566802978515625
test_03573,12.634589195251465
test_03574,10.603675842285156
test_03575,22.065074920654297
test_03576,73.44720458984375
test_03577,65.64576721191406
test_03578,15.59872817993164
test_03579,61.02409362792969
test_03580,61.012908935546875
test_03581,39.527976989746094
test_03582,111.369140625
test_03583,86.74898529052734
test_03584,7.64717435836792
test_03585,20.451961517333984
test_03586,9.56023120880127
test_03587,20.720970153808594
test_03588,29.43149185180664
test_03589,17.072399139404297
test_03590,8.630781173706055
test_03591,19.385658264160156
test_03592,14.325536727905273
test_03593,142.9330596923828
test_03594,13.012923240661621
test_03595,33.8047981262207
test_03596,8.930688858032227
test_03597,9.177149772644043
test_03598,11.09482192993164
test_03599,33.74528884887695
test_03600,39.18744659423828
test_03601,73.53538513183594
test_03602,50.730369567871094
test_03603,143.051025390625
test_03604,68.59617614746094
test_03605,27.945720672607422
test_03606,11.981221199035645
test_03607,27.717918395996094
test_03608,36.47966384887695
test_03609,99.73272705078125
test_03610,66.46052551269531
test_03611,26.527877807617188
test_03612,182.4412841796875
test_03613,24.56819725036621
test_03614,7.291783332824707
test_03615,9.155046463012695
test_03616,28.316566467285156
test_03617,105.55593872070312
test_03618,201.157958984375
test_03619,157.7554473876953
test_03620,106.24250030517578
test_03621,32.41202926635742
test_03622,52.671409606933594
test_03623,66.34504699707031
test_03624,48.96753692626953
test_03625,23.583850860595703
test_03626,40.74180603027344
test_03627,133.732421875
test_03628,58.30261993408203
test_03629,104.759765625
test_03630,171.9888916015625
test_03631,248.19168090820312
test_03632,142.07936096191406
test_03633,101.8183364868164
test_03634,83.22486877441406
test_03635,169.1766357421875
test_03636,96.18939971923828
test_03637,43.06340789794922
test_03638,10.849451065063477
test_03639,18.030712127685547
test_03640,43.40184020996094
test_03641,92.9579086303711
test_03642,8.516393661499023
test_03643,51.159751892089844
test_03644,7.0396013259887695
test_03645,27.461334228515625
test_03646,9.677490234375
test_03647,8.57373332977295
test_03648,76.58364868164062
test_03649,143.59066772460938
test_03650,263.80413818359375
test_03651,250.6378173828125
test_03652,102.74468994140625
test_03653,112.05006408691406
test_03654,10.972352981567383
test_03655,84.74020385742188
test_03656,210.28030395507812
test_03657,56.14740753173828
test_03658,65.07917785644531
test_03659,44.39086151123047
test_03660,8.218130111694336
test_03661,19.429874420166016
test_03662,83.29481506347656
test_03663,59.91273498535156
test_03664,165.74822998046875
test_03665,16.902332305908203
test_03666,66.33296203613281
test_03667,7.016420364379883
test_03668,7.4890289306640625
test_03669,10.33233642578125
test_03670,78.67616271972656
test_03671,203.2934112548828
test_03672,338.89910888671875
test_03673,22.464250564575195
test_03674,99.90979766845703
test_03675,152.37399291992188
test_03676,8.595867156982422
test_03677,117.93821716308594
test_03678,120.02261352539062
test_03679,353.3213806152344
test_03680,67.11997985839844
test_03681,43.83915328979492
test_03682,102.78733825683594
test_03683,181.657470703125
test_03684,7.795627117156982
test_03685,47.47736358642578
test_03686,94.48135375976562
test_03687,221.77767944335938
test_03688,9.415356636047363
test_03689,12.345399856567383
test_03690,7.482721328735352
test_03691,69.56553649902344
test_03692,226.0541229248047
test_03693,233.65679931640625
test_03694,165.49435424804688
test_03695,259.0704040527344
test_03696,342.77532958984375
test_03697,12.95143985748291
test_03698,89.09619140625
test_03699,165.47679138183594
test_03700,174.46676635742188
test_03701,9.843968391418457
test_03702,154.6420440673828
test_03703,19.73128318786621
test_03704,172.0999755859375
test_03705,413.4482421875
test_03706,99.0334243774414
test_03707,197.5262451171875
test_03708,445.93218994140625
test_03709,260.7969055175781
test_03710,209.25579833984375
test_03711,163.13217163085938
test_03712,15.46006965637207
test_03713,9.41193675994873
test_03714,7.519320487976074
test_03715,39.30622863769531
test_03716,98.95123291015625
test_03717,10.00040054321289
test_03718,24.94196319580078
test_03719,93.41839599609375
test_03720,120.72853088378906
test_03721,172.54539489746094
test_03722,58.293148040771484
test_03723,7.552248001098633
test_03724,90.15731048583984
test_03725,13.33641242980957
test_03726,18.93181037902832
test_03727,69.4248046875
test_03728,158.75772094726562
test_03729,236.08956909179688
test_03730,8.372259140014648
test_03731,538.4822998046875
test_03732,9.75918197631836
test_03733,9.403021812438965
test_03734,104.35111999511719
test_03735,7.576502799987793
test_03736,63.93719482421875
test_03737,100.360595703125
test_03738,254.1159210205078
test_03739,9.49782943725586
test_03740,7.459601402282715
test_03741,87.48876953125
test_03742,8.36815071105957
test_03743,7.404799461364746
test_03744,7.745976448059082
test_03745,150.2821044921875
test_03746,153.81069946289062
test_03747,148.2255859375
test_03748,185.58700561523438
test_03749,275.84979248046875
test_03750,7.508987903594971
test_03751,82.667724609375
test_03752,137.74142456054688
test_03753,7.6676764488220215
test_03754,55.72119903564453
test_03755,88.23764038085938
test_03756,11.988037109375
test_03757,45.820335388183594
test_03758,14.040672302246094
test_03759,27.926536560058594
test_03760,60.67800521850586
test_03761,7.571680068969727
test_03762,221.5841522216797
test_03763,155.90560913085938
test_03764,385.6986083984375
test_03765,99.3699951171875
test_03766,61.228878021240234
test_03767,127.63996887207031
test_03768,8.267704010009766
test_03769,7.468369483947754
test_03770,7.669394493103027
test_03771,14.225625991821289
test_03772,105.06280517578125
test_03773,9.946083068847656
test_03774,96.06613159179688
test_03775,278.373046875
test_03776,71.50396728515625
test_03777,48.751678466796875
test_03778,50.61268997192383
test_03779,118.00129699707031
test_03780,57.02830505371094
test_03781,9.722501754760742
test_03782,52.55596923828125
test_03783,50.10865020751953
test_03784,13.080843925476074
test_03785,57.849395751953125
test_03786,10.801366806030273
test_03787,10.42431926727295
test_03788,115.24982452392578
test_03789,73.13226318359375
test_03790,9.435016632080078
test_03791,65.1357421875
test_03792,113.47734069824219
test_03793,106.5830078125
test_03794,20.42203140258789
test_03795,12.072250366210938
test_03796,46.95307159423828
test_03797,62.571617126464844
test_03798,31.99927520751953
test_03799,88.28909301757812
test_03800,68.78559875488281
test_03801,86.265625
test_03802,11.784562110900879
test_03803,10.652280807495117
test_03804,26.700828552246094
test_03805,66.39828491210938
test_03806,93.86228942871094
test_03807,35.79923629760742
test_03808,21.51493263244629
test_03809,51.92489242553711
test_03810,67.3104248046875
test_03811,58.977657318115234
test_03812,73.14762115478516
test_03813,114.59211730957031
test_03814,52.513221740722656
test_03815,170.44122314453125
test_03816,197.30960083007812
test_03817,19.044692993164062
test_03818,8.757024765014648
test_03819,28.994709014892578
test_03820,49.488311767578125
test_03821,12.816474914550781
test_03822,36.13387680053711
test_03823,88.33280944824219
test_03824,28.680557250976562
test_03825,39.91069793701172
test_03826,149.90325927734375
test_03827,12.530031204223633
test_03828,36.35888671875
test_03829,58.631561279296875
test_03830,92.68853759765625
test_03831,44.882545471191406
test_03832,50.61981201171875
test_03833,77.42031860351562
test_03834,101.15702056884766
test_03835,82.2740478515625
test_03836,72.79087829589844
test_03837,87.73648071289062
test_03838,66.50385284423828
test_03839,11.215997695922852
test_03840,12.254561424255371
test_03841,74.04972839355469
test_03842,42.98906707763672
test_03843,11.980823516845703
test_03844,88.17536163330078
test_03845,26.722427368164062
test_03846,35.71888732910156
test_03847,34.765296936035156
test_03848,70.90251159667969
test_03849,67.69319915771484
test_03850,83.17375946044922
test_03851,110.05132293701172
test_03852,95.12773895263672
test_03853,213.52969360351562
test_03854,51.327049255371094
test_03855,19.926036834716797
test_03856,58.817535400390625
test_03857,73.97293090820312
test_03858,68.962158203125
test_03859,12.997659683227539
test_03860,30.149154663085938
test_03861,19.470661163330078
test_03862,30.475339889526367
test_03863,101.58456420898438
test_03864,113.78334045410156
test_03865,69.2861557006836
test_03866,112.98026275634766
test_03867,8.642927169799805
test_03868,13.458515167236328
test_03869,61.544464111328125
test_03870,102.27619934082031
test_03871,114.5943603515625
test_03872,79.56755065917969
test_03873,30.242172241210938
test_03874,38.54612731933594
test_03875,110.8502197265625
test_03876,52.65031433105469
test_03877,88.11558532714844
test_03878,87.28067016601562
test_03879,70.6776123046875
test_03880,61.846954345703125
test_03881,120.14788818359375
test_03882,98.80987548828125
test_03883,67.44066619873047
test_03884,26.67638397216797
test_03885,36.36528015136719
test_03886,27.83503532409668
test_03887,31.488941192626953
test_03888,101.18437194824219
test_03889,105.45033264160156
test_03890,82.23389434814453
test_03891,14.69113826751709
test_03892,36.813621520996094
test_03893,59.80509948730469
test_03894,154.69253540039062
test_03895,140.49453735351562
test_03896,30.7891845703125
test_03897,59.750022888183594
test_03898,12.44224739074707
test_03899,118.57005310058594
test_03900,124.52482604980469
test_03901,34.11256790161133
test_03902,73.29853820800781
test_03903,180.85150146484375
test_03904,98.9478759765625
test_03905,90.8548583984375
test_03906,87.92320251464844
test_03907,129.6949462890625
test_03908,23.08057975769043
test_03909,60.336570739746094
test_03910,39.491004943847656
test_03911,72.82762145996094
test_03912,84.06014251708984
test_03913,55.140968322753906
test_03914,31.05668830871582
test_03915,22.666587829589844
test_03916,12.998252868652344
test_03917,27.104909896850586
test_03918,101.89860534667969
test_03919,54.97285842895508
test_03920,42.36307144165039
test_03921,74.20365905761719
test_03922,70.54112243652344
test_03923,46.87464141845703
test_03924,84.31828308105469
test_03925,124.84422302246094
test_03926,8.447160720825195
test_03927,31.784652709960938
test_03928,9.156768798828125
test_03929,25.555200576782227
test_03930,46.09169387817383
test_03931,21.632278442382812
test_03932,7.604127883911133
test_03933,12.453880310058594
test_03934,21.60246467590332
test_03935,131.57777404785156
test_03936,40.47526931762695
test_03937,15.284463882446289
test_03938,47.305179595947266
test_03939,10.587851524353027
test_03940,9.58486270904541
test_03941,14.222188949584961
test_03942,30.87074851989746
test_03943,42.83087158203125
test_03944,83.40451049804688
test_03945,72.66615295410156
test_03946,160.09007263183594
test_03947,30.255950927734375
test_03948,33.331329345703125
test_03949,15.482414245605469
test_03950,38.292724609375
test_03951,53.89349365234375
test_03952,96.58541870117188
test_03953,83.61613464355469
test_03954,173.548095703125
test_03955,24.185277938842773
test_03956,8.38611125946045
test_03957,8.63178539276123
test_03958,49.574745178222656
test_03959,86.47163391113281
test_03960,196.27035522460938
test_03961,178.679443359375
test_03962,97.84471130371094
test_03963,38.870269775390625
test_03964,54.384918212890625
test_03965,48.37431716918945
test_03966,47.97819519042969
test_03967,16.22709846496582
test_03968,50.05451583862305
test_03969,152.14501953125
test_03970,51.10289764404297
test_03971,118.65005493164062
test_03972,244.0406036376953
test_03973,117.51554870605469
test_03974,134.6192169189453
test_03975,103.88117980957031
test_03976,62.46123123168945
test_03977,226.39599609375
test_03978,32.7676887512207
test_03979,42.45568084716797
test_03980,8.76126480102539
test_03981,21.29366683959961
test_03982,70.47743225097656
test_03983,114.26460266113281
test_03984,8.52072525024414
test_03985,60.082366943359375
test_03986,6.977071762084961
test_03987,26.937522888183594
test_03988,10.231895446777344
test_03989,7.816244602203369
test_03990,76.45708465576172
test_03991,164.11871337890625
test_03992,258.232666015625
test_03993,223.90184020996094
test_03994,106.08505249023438
test_03995,134.9486083984375
test_03996,10.351972579956055
test_03997,104.67849731445312
test_03998,182.36529541015625
test_03999,137.16558837890625
test_04000,57.81769561767578
test_04001,52.621009826660156
test_04002,10.386150360107422
test_04003,16.732118606567383
test_04004,66.64643859863281
test_04005,57.42237854003906
test_04006,183.40164184570312
test_04007,15.119844436645508
test_04008,65.06712341308594
test_04009,7.493077754974365
test_04010,8.509532928466797
test_04011,35.84870529174805
test_04012,91.99903106689453
test_04013,223.88400268554688
test_04014,338.1965637207031
test_04015,13.328008651733398
test_04016,134.29229736328125
test_04017,145.49996948242188
test_04018,9.344646453857422
test_04019,144.19354248046875
test_04020,276.5802001953125
test_04021,460.58160400390625
test_04022,99.86420440673828
test_04023,41.55984878540039
test_04024,134.45672607421875
test_04025,231.6890106201172
test_04026,8.148341178894043
test_04027,16.050987243652344
test_04028,192.21224975585938
test_04029,230.24432373046875
test_04030,9.208066940307617
test_04031,12.462638854980469
test_04032,7.919640064239502
test_04033,258.5614318847656
test_04034,268.7485046386719
test_04035,261.8746337890625
test_04036,243.91397094726562
test_04037,441.85986328125
test_04038,459.867919921875
test_04039,13.247239112854004
test_04040,94.01429748535156
test_04041,135.32101440429688
test_04042,172.74093627929688
test_04043,8.699490547180176
test_04044,170.47845458984375
test_04045,10.12529468536377
test_04046,376.56744384765625
test_04047,344.07757568359375
test_04048,360.55841064453125
test_04049,97.3232421875
test_04050,319.7835998535156
test_04051,455.5447692871094
test_04052,266.87310791015625
test_04053,221.20989990234375
test_04054,181.30503845214844
test_04055,12.851943969726562
test_04056,13.164562225341797
test_04057,8.701189041137695
test_04058,88.03157806396484
test_04059,92.90892028808594
test_04060,9.389799118041992
test_04061,27.55645751953125
test_04062,88.25727844238281
test_04063,134.8100128173828
test_04064,172.42974853515625
test_04065,61.23406219482422
test_04066,7.5910234451293945
test_04067,80.59710693359375
test_04068,8.086681365966797
test_04069,20.615154266357422
test_04070,109.22825622558594
test_04071,197.91000366210938
test_04072,355.54730224609375
test_04073,8.465635299682617
test_04074,486.4620361328125
test_04075,10.01385498046875
test_04076,7.77191686630249
test_04077,133.11817932128906
test_04078,8.520689010620117
test_04079,63.2889404296875
test_04080,103.60624694824219
test_04081,394.22088623046875
test_04082,10.5863037109375
test_04083,11.414427757263184
test_04084,44.64142990112305
test_04085,8.798652648925781
test_04086,7.503382682800293
test_04087,8.65112590789795
test_04088,126.53184509277344
test_04089,156.30580139160156
test_04090,195.81674194335938
test_04091,242.32516479492188
test_04092,275.21099853515625
test_04093,7.903733253479004
test_04094,103.9366455078125
test_04095,151.266357421875
test_04096,8.49901008605957
test_04097,56.56227493286133
test_04098,82.75426483154297
test_04099,14.04465103149414
test_04100,28.114023208618164
test_04101,9.109944343566895
test_04102,26.636743545532227
test_04103,7.865898132324219
